[2018-03-16 11:08:25] local.ERROR: SQLSTATE[42000]: Syntax error or access violation: 1071 Specified key was too long; max key length is 767 bytes (SQL: alter table `users` add unique `users_mobile_number_unique`(`mobile_number`)) {"exception":"[object] (Illuminate\\Database\\QueryException(code: 42000): SQLSTATE[42000]: Syntax error or access violation: 1071 Specified key was too long; max key length is 767 bytes (SQL: alter table `users` add unique `users_mobile_number_unique`(`mobile_number`)) at C:\\xampp\\htdocs\\villa\\vendor\\laravel\\framework\\src\\Illuminate\\Database\\Connection.php:664, PDOException(code: 42000): SQLSTATE[42000]: Syntax error or access violation: 1071 Specified key was too long; max key length is 767 bytes at C:\\xampp\\htdocs\\villa\\vendor\\laravel\\framework\\src\\Illuminate\\Database\\Connection.php:458)
[stacktrace]
#0 C:\\xampp\\htdocs\\villa\\vendor\\laravel\\framework\\src\\Illuminate\\Database\\Connection.php(624): Illuminate\\Database\\Connection->runQueryCallback('alter table `us...', Array, Object(Closure))
#1 C:\\xampp\\htdocs\\villa\\vendor\\laravel\\framework\\src\\Illuminate\\Database\\Connection.php(459): Illuminate\\Database\\Connection->run('alter table `us...', Array, Object(Closure))
#2 C:\\xampp\\htdocs\\villa\\vendor\\laravel\\framework\\src\\Illuminate\\Database\\Schema\\Blueprint.php(88): Illuminate\\Database\\Connection->statement('alter table `us...')
#3 C:\\xampp\\htdocs\\villa\\vendor\\laravel\\framework\\src\\Illuminate\\Database\\Schema\\Builder.php(252): Illuminate\\Database\\Schema\\Blueprint->build(Object(Illuminate\\Database\\MySqlConnection), Object(Illuminate\\Database\\Schema\\Grammars\\MySqlGrammar))
#4 C:\\xampp\\htdocs\\villa\\vendor\\laravel\\framework\\src\\Illuminate\\Database\\Schema\\Builder.php(165): Illuminate\\Database\\Schema\\Builder->build(Object(Illuminate\\Database\\Schema\\Blueprint))
#5 C:\\xampp\\htdocs\\villa\\vendor\\laravel\\framework\\src\\Illuminate\\Support\\Facades\\Facade.php(221): Illuminate\\Database\\Schema\\Builder->create('users', Object(Closure))
#6 C:\\xampp\\htdocs\\villa\\database\\migrations\\2014_10_12_000000_create_users_table.php(23): Illuminate\\Support\\Facades\\Facade::__callStatic('create', Array)
#7 C:\\xampp\\htdocs\\villa\\vendor\\laravel\\framework\\src\\Illuminate\\Database\\Migrations\\Migrator.php(359): CreateUsersTable->up()
#8 C:\\xampp\\htdocs\\villa\\vendor\\laravel\\framework\\src\\Illuminate\\Database\\Migrations\\Migrator.php(366): Illuminate\\Database\\Migrations\\Migrator->Illuminate\\Database\\Migrations\\{closure}()
#9 C:\\xampp\\htdocs\\villa\\vendor\\laravel\\framework\\src\\Illuminate\\Database\\Migrations\\Migrator.php(177): Illuminate\\Database\\Migrations\\Migrator->runMigration(Object(CreateUsersTable), 'up')
#10 C:\\xampp\\htdocs\\villa\\vendor\\laravel\\framework\\src\\Illuminate\\Database\\Migrations\\Migrator.php(146): Illuminate\\Database\\Migrations\\Migrator->runUp('C:\\\\xampp\\\\htdocs...', 1, false)
#11 C:\\xampp\\htdocs\\villa\\vendor\\laravel\\framework\\src\\Illuminate\\Database\\Migrations\\Migrator.php(95): Illuminate\\Database\\Migrations\\Migrator->runPending(Array, Array)
#12 C:\\xampp\\htdocs\\villa\\vendor\\laravel\\framework\\src\\Illuminate\\Database\\Console\\Migrations\\MigrateCommand.php(70): Illuminate\\Database\\Migrations\\Migrator->run(Array, Array)
#13 [internal function]: Illuminate\\Database\\Console\\Migrations\\MigrateCommand->handle()
#14 C:\\xampp\\htdocs\\villa\\vendor\\laravel\\framework\\src\\Illuminate\\Container\\BoundMethod.php(29): call_user_func_array(Array, Array)
#15 C:\\xampp\\htdocs\\villa\\vendor\\laravel\\framework\\src\\Illuminate\\Container\\BoundMethod.php(87): Illuminate\\Container\\BoundMethod::Illuminate\\Container\\{closure}()
#16 C:\\xampp\\htdocs\\villa\\vendor\\laravel\\framework\\src\\Illuminate\\Container\\BoundMethod.php(31): Illuminate\\Container\\BoundMethod::callBoundMethod(Object(Illuminate\\Foundation\\Application), Array, Object(Closure))
#17 C:\\xampp\\htdocs\\villa\\vendor\\laravel\\framework\\src\\Illuminate\\Container\\Container.php(564): Illuminate\\Container\\BoundMethod::call(Object(Illuminate\\Foundation\\Application), Array, Array, NULL)
#18 C:\\xampp\\htdocs\\villa\\vendor\\laravel\\framework\\src\\Illuminate\\Console\\Command.php(183): Illuminate\\Container\\Container->call(Array)
#19 C:\\xampp\\htdocs\\villa\\vendor\\symfony\\console\\Command\\Command.php(252): Illuminate\\Console\\Command->execute(Object(Symfony\\Component\\Console\\Input\\ArgvInput), Object(Illuminate\\Console\\OutputStyle))
#20 C:\\xampp\\htdocs\\villa\\vendor\\laravel\\framework\\src\\Illuminate\\Console\\Command.php(170): Symfony\\Component\\Console\\Command\\Command->run(Object(Symfony\\Component\\Console\\Input\\ArgvInput), Object(Illuminate\\Console\\OutputStyle))
#21 C:\\xampp\\htdocs\\villa\\vendor\\symfony\\console\\Application.php(865): Illuminate\\Console\\Command->run(Object(Symfony\\Component\\Console\\Input\\ArgvInput), Object(Symfony\\Component\\Console\\Output\\ConsoleOutput))
#22 C:\\xampp\\htdocs\\villa\\vendor\\symfony\\console\\Application.php(241): Symfony\\Component\\Console\\Application->doRunCommand(Object(Illuminate\\Database\\Console\\Migrations\\MigrateCommand), Object(Symfony\\Component\\Console\\Input\\ArgvInput), Object(Symfony\\Component\\Console\\Output\\ConsoleOutput))
#23 C:\\xampp\\htdocs\\villa\\vendor\\symfony\\console\\Application.php(143): Symfony\\Component\\Console\\Application->doRun(Object(Symfony\\Component\\Console\\Input\\ArgvInput), Object(Symfony\\Component\\Console\\Output\\ConsoleOutput))
#24 C:\\xampp\\htdocs\\villa\\vendor\\laravel\\framework\\src\\Illuminate\\Console\\Application.php(88): Symfony\\Component\\Console\\Application->run(Object(Symfony\\Component\\Console\\Input\\ArgvInput), Object(Symfony\\Component\\Console\\Output\\ConsoleOutput))
#25 C:\\xampp\\htdocs\\villa\\vendor\\laravel\\framework\\src\\Illuminate\\Foundation\\Console\\Kernel.php(122): Illuminate\\Console\\Application->run(Object(Symfony\\Component\\Console\\Input\\ArgvInput), Object(Symfony\\Component\\Console\\Output\\ConsoleOutput))
#26 C:\\xampp\\htdocs\\villa\\artisan(37): Illuminate\\Foundation\\Console\\Kernel->handle(Object(Symfony\\Component\\Console\\Input\\ArgvInput), Object(Symfony\\Component\\Console\\Output\\ConsoleOutput))
#27 {main}
"} 
[2018-03-16 11:10:35] local.ERROR: SQLSTATE[42S01]: Base table or view already exists: 1050 Table 'users' already exists (SQL: create table `users` (`id` int unsigned not null auto_increment primary key, `mobile_number` varchar(255) not null, `password` varchar(255) not null, `full_name` varchar(255) not null, `remember_token` varchar(100) null, `created_at` timestamp null, `updated_at` timestamp null) default character set utf8mb4 collate utf8mb4_unicode_ci) {"exception":"[object] (Illuminate\\Database\\QueryException(code: 42S01): SQLSTATE[42S01]: Base table or view already exists: 1050 Table 'users' already exists (SQL: create table `users` (`id` int unsigned not null auto_increment primary key, `mobile_number` varchar(255) not null, `password` varchar(255) not null, `full_name` varchar(255) not null, `remember_token` varchar(100) null, `created_at` timestamp null, `updated_at` timestamp null) default character set utf8mb4 collate utf8mb4_unicode_ci) at C:\\xampp\\htdocs\\villa\\vendor\\laravel\\framework\\src\\Illuminate\\Database\\Connection.php:664, PDOException(code: 42S01): SQLSTATE[42S01]: Base table or view already exists: 1050 Table 'users' already exists at C:\\xampp\\htdocs\\villa\\vendor\\laravel\\framework\\src\\Illuminate\\Database\\Connection.php:458)
[stacktrace]
#0 C:\\xampp\\htdocs\\villa\\vendor\\laravel\\framework\\src\\Illuminate\\Database\\Connection.php(624): Illuminate\\Database\\Connection->runQueryCallback('create table `u...', Array, Object(Closure))
#1 C:\\xampp\\htdocs\\villa\\vendor\\laravel\\framework\\src\\Illuminate\\Database\\Connection.php(459): Illuminate\\Database\\Connection->run('create table `u...', Array, Object(Closure))
#2 C:\\xampp\\htdocs\\villa\\vendor\\laravel\\framework\\src\\Illuminate\\Database\\Schema\\Blueprint.php(88): Illuminate\\Database\\Connection->statement('create table `u...')
#3 C:\\xampp\\htdocs\\villa\\vendor\\laravel\\framework\\src\\Illuminate\\Database\\Schema\\Builder.php(252): Illuminate\\Database\\Schema\\Blueprint->build(Object(Illuminate\\Database\\MySqlConnection), Object(Illuminate\\Database\\Schema\\Grammars\\MySqlGrammar))
#4 C:\\xampp\\htdocs\\villa\\vendor\\laravel\\framework\\src\\Illuminate\\Database\\Schema\\Builder.php(165): Illuminate\\Database\\Schema\\Builder->build(Object(Illuminate\\Database\\Schema\\Blueprint))
#5 C:\\xampp\\htdocs\\villa\\vendor\\laravel\\framework\\src\\Illuminate\\Support\\Facades\\Facade.php(221): Illuminate\\Database\\Schema\\Builder->create('users', Object(Closure))
#6 C:\\xampp\\htdocs\\villa\\database\\migrations\\2014_10_12_000000_create_users_table.php(23): Illuminate\\Support\\Facades\\Facade::__callStatic('create', Array)
#7 C:\\xampp\\htdocs\\villa\\vendor\\laravel\\framework\\src\\Illuminate\\Database\\Migrations\\Migrator.php(359): CreateUsersTable->up()
#8 C:\\xampp\\htdocs\\villa\\vendor\\laravel\\framework\\src\\Illuminate\\Database\\Migrations\\Migrator.php(366): Illuminate\\Database\\Migrations\\Migrator->Illuminate\\Database\\Migrations\\{closure}()
#9 C:\\xampp\\htdocs\\villa\\vendor\\laravel\\framework\\src\\Illuminate\\Database\\Migrations\\Migrator.php(177): Illuminate\\Database\\Migrations\\Migrator->runMigration(Object(CreateUsersTable), 'up')
#10 C:\\xampp\\htdocs\\villa\\vendor\\laravel\\framework\\src\\Illuminate\\Database\\Migrations\\Migrator.php(146): Illuminate\\Database\\Migrations\\Migrator->runUp('C:\\\\xampp\\\\htdocs...', 1, false)
#11 C:\\xampp\\htdocs\\villa\\vendor\\laravel\\framework\\src\\Illuminate\\Database\\Migrations\\Migrator.php(95): Illuminate\\Database\\Migrations\\Migrator->runPending(Array, Array)
#12 C:\\xampp\\htdocs\\villa\\vendor\\laravel\\framework\\src\\Illuminate\\Database\\Console\\Migrations\\MigrateCommand.php(70): Illuminate\\Database\\Migrations\\Migrator->run(Array, Array)
#13 [internal function]: Illuminate\\Database\\Console\\Migrations\\MigrateCommand->handle()
#14 C:\\xampp\\htdocs\\villa\\vendor\\laravel\\framework\\src\\Illuminate\\Container\\BoundMethod.php(29): call_user_func_array(Array, Array)
#15 C:\\xampp\\htdocs\\villa\\vendor\\laravel\\framework\\src\\Illuminate\\Container\\BoundMethod.php(87): Illuminate\\Container\\BoundMethod::Illuminate\\Container\\{closure}()
#16 C:\\xampp\\htdocs\\villa\\vendor\\laravel\\framework\\src\\Illuminate\\Container\\BoundMethod.php(31): Illuminate\\Container\\BoundMethod::callBoundMethod(Object(Illuminate\\Foundation\\Application), Array, Object(Closure))
#17 C:\\xampp\\htdocs\\villa\\vendor\\laravel\\framework\\src\\Illuminate\\Container\\Container.php(564): Illuminate\\Container\\BoundMethod::call(Object(Illuminate\\Foundation\\Application), Array, Array, NULL)
#18 C:\\xampp\\htdocs\\villa\\vendor\\laravel\\framework\\src\\Illuminate\\Console\\Command.php(183): Illuminate\\Container\\Container->call(Array)
#19 C:\\xampp\\htdocs\\villa\\vendor\\symfony\\console\\Command\\Command.php(252): Illuminate\\Console\\Command->execute(Object(Symfony\\Component\\Console\\Input\\ArgvInput), Object(Illuminate\\Console\\OutputStyle))
#20 C:\\xampp\\htdocs\\villa\\vendor\\laravel\\framework\\src\\Illuminate\\Console\\Command.php(170): Symfony\\Component\\Console\\Command\\Command->run(Object(Symfony\\Component\\Console\\Input\\ArgvInput), Object(Illuminate\\Console\\OutputStyle))
#21 C:\\xampp\\htdocs\\villa\\vendor\\symfony\\console\\Application.php(865): Illuminate\\Console\\Command->run(Object(Symfony\\Component\\Console\\Input\\ArgvInput), Object(Symfony\\Component\\Console\\Output\\ConsoleOutput))
#22 C:\\xampp\\htdocs\\villa\\vendor\\symfony\\console\\Application.php(241): Symfony\\Component\\Console\\Application->doRunCommand(Object(Illuminate\\Database\\Console\\Migrations\\MigrateCommand), Object(Symfony\\Component\\Console\\Input\\ArgvInput), Object(Symfony\\Component\\Console\\Output\\ConsoleOutput))
#23 C:\\xampp\\htdocs\\villa\\vendor\\symfony\\console\\Application.php(143): Symfony\\Component\\Console\\Application->doRun(Object(Symfony\\Component\\Console\\Input\\ArgvInput), Object(Symfony\\Component\\Console\\Output\\ConsoleOutput))
#24 C:\\xampp\\htdocs\\villa\\vendor\\laravel\\framework\\src\\Illuminate\\Console\\Application.php(88): Symfony\\Component\\Console\\Application->run(Object(Symfony\\Component\\Console\\Input\\ArgvInput), Object(Symfony\\Component\\Console\\Output\\ConsoleOutput))
#25 C:\\xampp\\htdocs\\villa\\vendor\\laravel\\framework\\src\\Illuminate\\Foundation\\Console\\Kernel.php(122): Illuminate\\Console\\Application->run(Object(Symfony\\Component\\Console\\Input\\ArgvInput), Object(Symfony\\Component\\Console\\Output\\ConsoleOutput))
#26 C:\\xampp\\htdocs\\villa\\artisan(37): Illuminate\\Foundation\\Console\\Kernel->handle(Object(Symfony\\Component\\Console\\Input\\ArgvInput), Object(Symfony\\Component\\Console\\Output\\ConsoleOutput))
#27 {main}
"} 
[2018-03-16 11:10:41] local.ERROR: SQLSTATE[42S01]: Base table or view already exists: 1050 Table 'users' already exists (SQL: create table `users` (`id` int unsigned not null auto_increment primary key, `mobile_number` varchar(255) not null, `password` varchar(255) not null, `full_name` varchar(255) not null, `remember_token` varchar(100) null, `created_at` timestamp null, `updated_at` timestamp null) default character set utf8mb4 collate utf8mb4_unicode_ci) {"exception":"[object] (Illuminate\\Database\\QueryException(code: 42S01): SQLSTATE[42S01]: Base table or view already exists: 1050 Table 'users' already exists (SQL: create table `users` (`id` int unsigned not null auto_increment primary key, `mobile_number` varchar(255) not null, `password` varchar(255) not null, `full_name` varchar(255) not null, `remember_token` varchar(100) null, `created_at` timestamp null, `updated_at` timestamp null) default character set utf8mb4 collate utf8mb4_unicode_ci) at C:\\xampp\\htdocs\\villa\\vendor\\laravel\\framework\\src\\Illuminate\\Database\\Connection.php:664, PDOException(code: 42S01): SQLSTATE[42S01]: Base table or view already exists: 1050 Table 'users' already exists at C:\\xampp\\htdocs\\villa\\vendor\\laravel\\framework\\src\\Illuminate\\Database\\Connection.php:458)
[stacktrace]
#0 C:\\xampp\\htdocs\\villa\\vendor\\laravel\\framework\\src\\Illuminate\\Database\\Connection.php(624): Illuminate\\Database\\Connection->runQueryCallback('create table `u...', Array, Object(Closure))
#1 C:\\xampp\\htdocs\\villa\\vendor\\laravel\\framework\\src\\Illuminate\\Database\\Connection.php(459): Illuminate\\Database\\Connection->run('create table `u...', Array, Object(Closure))
#2 C:\\xampp\\htdocs\\villa\\vendor\\laravel\\framework\\src\\Illuminate\\Database\\Schema\\Blueprint.php(88): Illuminate\\Database\\Connection->statement('create table `u...')
#3 C:\\xampp\\htdocs\\villa\\vendor\\laravel\\framework\\src\\Illuminate\\Database\\Schema\\Builder.php(252): Illuminate\\Database\\Schema\\Blueprint->build(Object(Illuminate\\Database\\MySqlConnection), Object(Illuminate\\Database\\Schema\\Grammars\\MySqlGrammar))
#4 C:\\xampp\\htdocs\\villa\\vendor\\laravel\\framework\\src\\Illuminate\\Database\\Schema\\Builder.php(165): Illuminate\\Database\\Schema\\Builder->build(Object(Illuminate\\Database\\Schema\\Blueprint))
#5 C:\\xampp\\htdocs\\villa\\vendor\\laravel\\framework\\src\\Illuminate\\Support\\Facades\\Facade.php(221): Illuminate\\Database\\Schema\\Builder->create('users', Object(Closure))
#6 C:\\xampp\\htdocs\\villa\\database\\migrations\\2014_10_12_000000_create_users_table.php(23): Illuminate\\Support\\Facades\\Facade::__callStatic('create', Array)
#7 C:\\xampp\\htdocs\\villa\\vendor\\laravel\\framework\\src\\Illuminate\\Database\\Migrations\\Migrator.php(359): CreateUsersTable->up()
#8 C:\\xampp\\htdocs\\villa\\vendor\\laravel\\framework\\src\\Illuminate\\Database\\Migrations\\Migrator.php(366): Illuminate\\Database\\Migrations\\Migrator->Illuminate\\Database\\Migrations\\{closure}()
#9 C:\\xampp\\htdocs\\villa\\vendor\\laravel\\framework\\src\\Illuminate\\Database\\Migrations\\Migrator.php(177): Illuminate\\Database\\Migrations\\Migrator->runMigration(Object(CreateUsersTable), 'up')
#10 C:\\xampp\\htdocs\\villa\\vendor\\laravel\\framework\\src\\Illuminate\\Database\\Migrations\\Migrator.php(146): Illuminate\\Database\\Migrations\\Migrator->runUp('C:\\\\xampp\\\\htdocs...', 1, false)
#11 C:\\xampp\\htdocs\\villa\\vendor\\laravel\\framework\\src\\Illuminate\\Database\\Migrations\\Migrator.php(95): Illuminate\\Database\\Migrations\\Migrator->runPending(Array, Array)
#12 C:\\xampp\\htdocs\\villa\\vendor\\laravel\\framework\\src\\Illuminate\\Database\\Console\\Migrations\\MigrateCommand.php(70): Illuminate\\Database\\Migrations\\Migrator->run(Array, Array)
#13 [internal function]: Illuminate\\Database\\Console\\Migrations\\MigrateCommand->handle()
#14 C:\\xampp\\htdocs\\villa\\vendor\\laravel\\framework\\src\\Illuminate\\Container\\BoundMethod.php(29): call_user_func_array(Array, Array)
#15 C:\\xampp\\htdocs\\villa\\vendor\\laravel\\framework\\src\\Illuminate\\Container\\BoundMethod.php(87): Illuminate\\Container\\BoundMethod::Illuminate\\Container\\{closure}()
#16 C:\\xampp\\htdocs\\villa\\vendor\\laravel\\framework\\src\\Illuminate\\Container\\BoundMethod.php(31): Illuminate\\Container\\BoundMethod::callBoundMethod(Object(Illuminate\\Foundation\\Application), Array, Object(Closure))
#17 C:\\xampp\\htdocs\\villa\\vendor\\laravel\\framework\\src\\Illuminate\\Container\\Container.php(564): Illuminate\\Container\\BoundMethod::call(Object(Illuminate\\Foundation\\Application), Array, Array, NULL)
#18 C:\\xampp\\htdocs\\villa\\vendor\\laravel\\framework\\src\\Illuminate\\Console\\Command.php(183): Illuminate\\Container\\Container->call(Array)
#19 C:\\xampp\\htdocs\\villa\\vendor\\symfony\\console\\Command\\Command.php(252): Illuminate\\Console\\Command->execute(Object(Symfony\\Component\\Console\\Input\\ArgvInput), Object(Illuminate\\Console\\OutputStyle))
#20 C:\\xampp\\htdocs\\villa\\vendor\\laravel\\framework\\src\\Illuminate\\Console\\Command.php(170): Symfony\\Component\\Console\\Command\\Command->run(Object(Symfony\\Component\\Console\\Input\\ArgvInput), Object(Illuminate\\Console\\OutputStyle))
#21 C:\\xampp\\htdocs\\villa\\vendor\\symfony\\console\\Application.php(865): Illuminate\\Console\\Command->run(Object(Symfony\\Component\\Console\\Input\\ArgvInput), Object(Symfony\\Component\\Console\\Output\\ConsoleOutput))
#22 C:\\xampp\\htdocs\\villa\\vendor\\symfony\\console\\Application.php(241): Symfony\\Component\\Console\\Application->doRunCommand(Object(Illuminate\\Database\\Console\\Migrations\\MigrateCommand), Object(Symfony\\Component\\Console\\Input\\ArgvInput), Object(Symfony\\Component\\Console\\Output\\ConsoleOutput))
#23 C:\\xampp\\htdocs\\villa\\vendor\\symfony\\console\\Application.php(143): Symfony\\Component\\Console\\Application->doRun(Object(Symfony\\Component\\Console\\Input\\ArgvInput), Object(Symfony\\Component\\Console\\Output\\ConsoleOutput))
#24 C:\\xampp\\htdocs\\villa\\vendor\\laravel\\framework\\src\\Illuminate\\Console\\Application.php(88): Symfony\\Component\\Console\\Application->run(Object(Symfony\\Component\\Console\\Input\\ArgvInput), Object(Symfony\\Component\\Console\\Output\\ConsoleOutput))
#25 C:\\xampp\\htdocs\\villa\\vendor\\laravel\\framework\\src\\Illuminate\\Foundation\\Console\\Kernel.php(122): Illuminate\\Console\\Application->run(Object(Symfony\\Component\\Console\\Input\\ArgvInput), Object(Symfony\\Component\\Console\\Output\\ConsoleOutput))
#26 C:\\xampp\\htdocs\\villa\\artisan(37): Illuminate\\Foundation\\Console\\Kernel->handle(Object(Symfony\\Component\\Console\\Input\\ArgvInput), Object(Symfony\\Component\\Console\\Output\\ConsoleOutput))
#27 {main}
"} 
[2018-03-16 11:11:35] local.ERROR: SQLSTATE[42000]: Syntax error or access violation: 1071 Specified key was too long; max key length is 767 bytes (SQL: alter table `users` add unique `users_mobile_number_unique`(`mobile_number`)) {"exception":"[object] (Illuminate\\Database\\QueryException(code: 42000): SQLSTATE[42000]: Syntax error or access violation: 1071 Specified key was too long; max key length is 767 bytes (SQL: alter table `users` add unique `users_mobile_number_unique`(`mobile_number`)) at C:\\xampp\\htdocs\\villa\\vendor\\laravel\\framework\\src\\Illuminate\\Database\\Connection.php:664, PDOException(code: 42000): SQLSTATE[42000]: Syntax error or access violation: 1071 Specified key was too long; max key length is 767 bytes at C:\\xampp\\htdocs\\villa\\vendor\\laravel\\framework\\src\\Illuminate\\Database\\Connection.php:458)
[stacktrace]
#0 C:\\xampp\\htdocs\\villa\\vendor\\laravel\\framework\\src\\Illuminate\\Database\\Connection.php(624): Illuminate\\Database\\Connection->runQueryCallback('alter table `us...', Array, Object(Closure))
#1 C:\\xampp\\htdocs\\villa\\vendor\\laravel\\framework\\src\\Illuminate\\Database\\Connection.php(459): Illuminate\\Database\\Connection->run('alter table `us...', Array, Object(Closure))
#2 C:\\xampp\\htdocs\\villa\\vendor\\laravel\\framework\\src\\Illuminate\\Database\\Schema\\Blueprint.php(88): Illuminate\\Database\\Connection->statement('alter table `us...')
#3 C:\\xampp\\htdocs\\villa\\vendor\\laravel\\framework\\src\\Illuminate\\Database\\Schema\\Builder.php(252): Illuminate\\Database\\Schema\\Blueprint->build(Object(Illuminate\\Database\\MySqlConnection), Object(Illuminate\\Database\\Schema\\Grammars\\MySqlGrammar))
#4 C:\\xampp\\htdocs\\villa\\vendor\\laravel\\framework\\src\\Illuminate\\Database\\Schema\\Builder.php(165): Illuminate\\Database\\Schema\\Builder->build(Object(Illuminate\\Database\\Schema\\Blueprint))
#5 C:\\xampp\\htdocs\\villa\\vendor\\laravel\\framework\\src\\Illuminate\\Support\\Facades\\Facade.php(221): Illuminate\\Database\\Schema\\Builder->create('users', Object(Closure))
#6 C:\\xampp\\htdocs\\villa\\database\\migrations\\2014_10_12_000000_create_users_table.php(23): Illuminate\\Support\\Facades\\Facade::__callStatic('create', Array)
#7 C:\\xampp\\htdocs\\villa\\vendor\\laravel\\framework\\src\\Illuminate\\Database\\Migrations\\Migrator.php(359): CreateUsersTable->up()
#8 C:\\xampp\\htdocs\\villa\\vendor\\laravel\\framework\\src\\Illuminate\\Database\\Migrations\\Migrator.php(366): Illuminate\\Database\\Migrations\\Migrator->Illuminate\\Database\\Migrations\\{closure}()
#9 C:\\xampp\\htdocs\\villa\\vendor\\laravel\\framework\\src\\Illuminate\\Database\\Migrations\\Migrator.php(177): Illuminate\\Database\\Migrations\\Migrator->runMigration(Object(CreateUsersTable), 'up')
#10 C:\\xampp\\htdocs\\villa\\vendor\\laravel\\framework\\src\\Illuminate\\Database\\Migrations\\Migrator.php(146): Illuminate\\Database\\Migrations\\Migrator->runUp('C:\\\\xampp\\\\htdocs...', 1, false)
#11 C:\\xampp\\htdocs\\villa\\vendor\\laravel\\framework\\src\\Illuminate\\Database\\Migrations\\Migrator.php(95): Illuminate\\Database\\Migrations\\Migrator->runPending(Array, Array)
#12 C:\\xampp\\htdocs\\villa\\vendor\\laravel\\framework\\src\\Illuminate\\Database\\Console\\Migrations\\MigrateCommand.php(70): Illuminate\\Database\\Migrations\\Migrator->run(Array, Array)
#13 [internal function]: Illuminate\\Database\\Console\\Migrations\\MigrateCommand->handle()
#14 C:\\xampp\\htdocs\\villa\\vendor\\laravel\\framework\\src\\Illuminate\\Container\\BoundMethod.php(29): call_user_func_array(Array, Array)
#15 C:\\xampp\\htdocs\\villa\\vendor\\laravel\\framework\\src\\Illuminate\\Container\\BoundMethod.php(87): Illuminate\\Container\\BoundMethod::Illuminate\\Container\\{closure}()
#16 C:\\xampp\\htdocs\\villa\\vendor\\laravel\\framework\\src\\Illuminate\\Container\\BoundMethod.php(31): Illuminate\\Container\\BoundMethod::callBoundMethod(Object(Illuminate\\Foundation\\Application), Array, Object(Closure))
#17 C:\\xampp\\htdocs\\villa\\vendor\\laravel\\framework\\src\\Illuminate\\Container\\Container.php(564): Illuminate\\Container\\BoundMethod::call(Object(Illuminate\\Foundation\\Application), Array, Array, NULL)
#18 C:\\xampp\\htdocs\\villa\\vendor\\laravel\\framework\\src\\Illuminate\\Console\\Command.php(183): Illuminate\\Container\\Container->call(Array)
#19 C:\\xampp\\htdocs\\villa\\vendor\\symfony\\console\\Command\\Command.php(252): Illuminate\\Console\\Command->execute(Object(Symfony\\Component\\Console\\Input\\ArgvInput), Object(Illuminate\\Console\\OutputStyle))
#20 C:\\xampp\\htdocs\\villa\\vendor\\laravel\\framework\\src\\Illuminate\\Console\\Command.php(170): Symfony\\Component\\Console\\Command\\Command->run(Object(Symfony\\Component\\Console\\Input\\ArgvInput), Object(Illuminate\\Console\\OutputStyle))
#21 C:\\xampp\\htdocs\\villa\\vendor\\symfony\\console\\Application.php(865): Illuminate\\Console\\Command->run(Object(Symfony\\Component\\Console\\Input\\ArgvInput), Object(Symfony\\Component\\Console\\Output\\ConsoleOutput))
#22 C:\\xampp\\htdocs\\villa\\vendor\\symfony\\console\\Application.php(241): Symfony\\Component\\Console\\Application->doRunCommand(Object(Illuminate\\Database\\Console\\Migrations\\MigrateCommand), Object(Symfony\\Component\\Console\\Input\\ArgvInput), Object(Symfony\\Component\\Console\\Output\\ConsoleOutput))
#23 C:\\xampp\\htdocs\\villa\\vendor\\symfony\\console\\Application.php(143): Symfony\\Component\\Console\\Application->doRun(Object(Symfony\\Component\\Console\\Input\\ArgvInput), Object(Symfony\\Component\\Console\\Output\\ConsoleOutput))
#24 C:\\xampp\\htdocs\\villa\\vendor\\laravel\\framework\\src\\Illuminate\\Console\\Application.php(88): Symfony\\Component\\Console\\Application->run(Object(Symfony\\Component\\Console\\Input\\ArgvInput), Object(Symfony\\Component\\Console\\Output\\ConsoleOutput))
#25 C:\\xampp\\htdocs\\villa\\vendor\\laravel\\framework\\src\\Illuminate\\Foundation\\Console\\Kernel.php(122): Illuminate\\Console\\Application->run(Object(Symfony\\Component\\Console\\Input\\ArgvInput), Object(Symfony\\Component\\Console\\Output\\ConsoleOutput))
#26 C:\\xampp\\htdocs\\villa\\artisan(37): Illuminate\\Foundation\\Console\\Kernel->handle(Object(Symfony\\Component\\Console\\Input\\ArgvInput), Object(Symfony\\Component\\Console\\Output\\ConsoleOutput))
#27 {main}
"} 
[2018-03-16 11:13:37] local.ERROR: Command "reset" is not defined.

Did you mean one of these?
    auth:clear-resets
    migrate:reset
    preset {"exception":"[object] (Symfony\\Component\\Console\\Exception\\CommandNotFoundException(code: 0): Command \"reset\" is not defined.

Did you mean one of these?
    auth:clear-resets
    migrate:reset
    preset at C:\\xampp\\htdocs\\villa\\vendor\\symfony\\console\\Application.php:611)
[stacktrace]
#0 C:\\xampp\\htdocs\\villa\\vendor\\symfony\\console\\Application.php(224): Symfony\\Component\\Console\\Application->find('reset')
#1 C:\\xampp\\htdocs\\villa\\vendor\\symfony\\console\\Application.php(143): Symfony\\Component\\Console\\Application->doRun(Object(Symfony\\Component\\Console\\Input\\ArgvInput), Object(Symfony\\Component\\Console\\Output\\ConsoleOutput))
#2 C:\\xampp\\htdocs\\villa\\vendor\\laravel\\framework\\src\\Illuminate\\Console\\Application.php(88): Symfony\\Component\\Console\\Application->run(Object(Symfony\\Component\\Console\\Input\\ArgvInput), Object(Symfony\\Component\\Console\\Output\\ConsoleOutput))
#3 C:\\xampp\\htdocs\\villa\\vendor\\laravel\\framework\\src\\Illuminate\\Foundation\\Console\\Kernel.php(122): Illuminate\\Console\\Application->run(Object(Symfony\\Component\\Console\\Input\\ArgvInput), Object(Symfony\\Component\\Console\\Output\\ConsoleOutput))
#4 C:\\xampp\\htdocs\\villa\\artisan(37): Illuminate\\Foundation\\Console\\Kernel->handle(Object(Symfony\\Component\\Console\\Input\\ArgvInput), Object(Symfony\\Component\\Console\\Output\\ConsoleOutput))
#5 {main}
"} 
[2018-03-16 11:14:18] local.ERROR: SQLSTATE[42000]: Syntax error or access violation: 1071 Specified key was too long; max key length is 767 bytes (SQL: alter table `password_resets` add index `password_resets_mobile_number_index`(`mobile_number`)) {"exception":"[object] (Illuminate\\Database\\QueryException(code: 42000): SQLSTATE[42000]: Syntax error or access violation: 1071 Specified key was too long; max key length is 767 bytes (SQL: alter table `password_resets` add index `password_resets_mobile_number_index`(`mobile_number`)) at C:\\xampp\\htdocs\\villa\\vendor\\laravel\\framework\\src\\Illuminate\\Database\\Connection.php:664, PDOException(code: 42000): SQLSTATE[42000]: Syntax error or access violation: 1071 Specified key was too long; max key length is 767 bytes at C:\\xampp\\htdocs\\villa\\vendor\\laravel\\framework\\src\\Illuminate\\Database\\Connection.php:458)
[stacktrace]
#0 C:\\xampp\\htdocs\\villa\\vendor\\laravel\\framework\\src\\Illuminate\\Database\\Connection.php(624): Illuminate\\Database\\Connection->runQueryCallback('alter table `pa...', Array, Object(Closure))
#1 C:\\xampp\\htdocs\\villa\\vendor\\laravel\\framework\\src\\Illuminate\\Database\\Connection.php(459): Illuminate\\Database\\Connection->run('alter table `pa...', Array, Object(Closure))
#2 C:\\xampp\\htdocs\\villa\\vendor\\laravel\\framework\\src\\Illuminate\\Database\\Schema\\Blueprint.php(88): Illuminate\\Database\\Connection->statement('alter table `pa...')
#3 C:\\xampp\\htdocs\\villa\\vendor\\laravel\\framework\\src\\Illuminate\\Database\\Schema\\Builder.php(252): Illuminate\\Database\\Schema\\Blueprint->build(Object(Illuminate\\Database\\MySqlConnection), Object(Illuminate\\Database\\Schema\\Grammars\\MySqlGrammar))
#4 C:\\xampp\\htdocs\\villa\\vendor\\laravel\\framework\\src\\Illuminate\\Database\\Schema\\Builder.php(165): Illuminate\\Database\\Schema\\Builder->build(Object(Illuminate\\Database\\Schema\\Blueprint))
#5 C:\\xampp\\htdocs\\villa\\vendor\\laravel\\framework\\src\\Illuminate\\Support\\Facades\\Facade.php(221): Illuminate\\Database\\Schema\\Builder->create('password_resets', Object(Closure))
#6 C:\\xampp\\htdocs\\villa\\database\\migrations\\2014_10_12_100000_create_password_resets_table.php(20): Illuminate\\Support\\Facades\\Facade::__callStatic('create', Array)
#7 C:\\xampp\\htdocs\\villa\\vendor\\laravel\\framework\\src\\Illuminate\\Database\\Migrations\\Migrator.php(359): CreatePasswordResetsTable->up()
#8 C:\\xampp\\htdocs\\villa\\vendor\\laravel\\framework\\src\\Illuminate\\Database\\Migrations\\Migrator.php(366): Illuminate\\Database\\Migrations\\Migrator->Illuminate\\Database\\Migrations\\{closure}()
#9 C:\\xampp\\htdocs\\villa\\vendor\\laravel\\framework\\src\\Illuminate\\Database\\Migrations\\Migrator.php(177): Illuminate\\Database\\Migrations\\Migrator->runMigration(Object(CreatePasswordResetsTable), 'up')
#10 C:\\xampp\\htdocs\\villa\\vendor\\laravel\\framework\\src\\Illuminate\\Database\\Migrations\\Migrator.php(146): Illuminate\\Database\\Migrations\\Migrator->runUp('C:\\\\xampp\\\\htdocs...', 1, false)
#11 C:\\xampp\\htdocs\\villa\\vendor\\laravel\\framework\\src\\Illuminate\\Database\\Migrations\\Migrator.php(95): Illuminate\\Database\\Migrations\\Migrator->runPending(Array, Array)
#12 C:\\xampp\\htdocs\\villa\\vendor\\laravel\\framework\\src\\Illuminate\\Database\\Console\\Migrations\\MigrateCommand.php(70): Illuminate\\Database\\Migrations\\Migrator->run(Array, Array)
#13 [internal function]: Illuminate\\Database\\Console\\Migrations\\MigrateCommand->handle()
#14 C:\\xampp\\htdocs\\villa\\vendor\\laravel\\framework\\src\\Illuminate\\Container\\BoundMethod.php(29): call_user_func_array(Array, Array)
#15 C:\\xampp\\htdocs\\villa\\vendor\\laravel\\framework\\src\\Illuminate\\Container\\BoundMethod.php(87): Illuminate\\Container\\BoundMethod::Illuminate\\Container\\{closure}()
#16 C:\\xampp\\htdocs\\villa\\vendor\\laravel\\framework\\src\\Illuminate\\Container\\BoundMethod.php(31): Illuminate\\Container\\BoundMethod::callBoundMethod(Object(Illuminate\\Foundation\\Application), Array, Object(Closure))
#17 C:\\xampp\\htdocs\\villa\\vendor\\laravel\\framework\\src\\Illuminate\\Container\\Container.php(564): Illuminate\\Container\\BoundMethod::call(Object(Illuminate\\Foundation\\Application), Array, Array, NULL)
#18 C:\\xampp\\htdocs\\villa\\vendor\\laravel\\framework\\src\\Illuminate\\Console\\Command.php(183): Illuminate\\Container\\Container->call(Array)
#19 C:\\xampp\\htdocs\\villa\\vendor\\symfony\\console\\Command\\Command.php(252): Illuminate\\Console\\Command->execute(Object(Symfony\\Component\\Console\\Input\\ArgvInput), Object(Illuminate\\Console\\OutputStyle))
#20 C:\\xampp\\htdocs\\villa\\vendor\\laravel\\framework\\src\\Illuminate\\Console\\Command.php(170): Symfony\\Component\\Console\\Command\\Command->run(Object(Symfony\\Component\\Console\\Input\\ArgvInput), Object(Illuminate\\Console\\OutputStyle))
#21 C:\\xampp\\htdocs\\villa\\vendor\\symfony\\console\\Application.php(865): Illuminate\\Console\\Command->run(Object(Symfony\\Component\\Console\\Input\\ArgvInput), Object(Symfony\\Component\\Console\\Output\\ConsoleOutput))
#22 C:\\xampp\\htdocs\\villa\\vendor\\symfony\\console\\Application.php(241): Symfony\\Component\\Console\\Application->doRunCommand(Object(Illuminate\\Database\\Console\\Migrations\\MigrateCommand), Object(Symfony\\Component\\Console\\Input\\ArgvInput), Object(Symfony\\Component\\Console\\Output\\ConsoleOutput))
#23 C:\\xampp\\htdocs\\villa\\vendor\\symfony\\console\\Application.php(143): Symfony\\Component\\Console\\Application->doRun(Object(Symfony\\Component\\Console\\Input\\ArgvInput), Object(Symfony\\Component\\Console\\Output\\ConsoleOutput))
#24 C:\\xampp\\htdocs\\villa\\vendor\\laravel\\framework\\src\\Illuminate\\Console\\Application.php(88): Symfony\\Component\\Console\\Application->run(Object(Symfony\\Component\\Console\\Input\\ArgvInput), Object(Symfony\\Component\\Console\\Output\\ConsoleOutput))
#25 C:\\xampp\\htdocs\\villa\\vendor\\laravel\\framework\\src\\Illuminate\\Foundation\\Console\\Kernel.php(122): Illuminate\\Console\\Application->run(Object(Symfony\\Component\\Console\\Input\\ArgvInput), Object(Symfony\\Component\\Console\\Output\\ConsoleOutput))
#26 C:\\xampp\\htdocs\\villa\\artisan(37): Illuminate\\Foundation\\Console\\Kernel->handle(Object(Symfony\\Component\\Console\\Input\\ArgvInput), Object(Symfony\\Component\\Console\\Output\\ConsoleOutput))
#27 {main}
"} 
[2018-03-16 11:15:21] local.ERROR: SQLSTATE[42S21]: Column already exists: 1060 Duplicate column name 'content_status' (SQL: create table `contents` (`id` int unsigned not null auto_increment primary key, `content_body` text not null, `content_title` varchar(255) not null, `content_slug` varchar(255) character set utf8 not null, `content_tags` varchar(255) not null, `content_order` smallint unsigned not null, `show_in_body` smallint unsigned not null, `content_status` smallint unsigned not null, `admin_user_id` int unsigned null, `renter_user_id` int unsigned null, `content_status` tinyint(1) not null default '0' comment '0:disable - 1:active', `view_count` int unsigned not null default '0', `created_at` timestamp null, `updated_at` timestamp null) default character set utf8mb4 collate utf8mb4_unicode_ci) {"exception":"[object] (Illuminate\\Database\\QueryException(code: 42S21): SQLSTATE[42S21]: Column already exists: 1060 Duplicate column name 'content_status' (SQL: create table `contents` (`id` int unsigned not null auto_increment primary key, `content_body` text not null, `content_title` varchar(255) not null, `content_slug` varchar(255) character set utf8 not null, `content_tags` varchar(255) not null, `content_order` smallint unsigned not null, `show_in_body` smallint unsigned not null, `content_status` smallint unsigned not null, `admin_user_id` int unsigned null, `renter_user_id` int unsigned null, `content_status` tinyint(1) not null default '0' comment '0:disable - 1:active', `view_count` int unsigned not null default '0', `created_at` timestamp null, `updated_at` timestamp null) default character set utf8mb4 collate utf8mb4_unicode_ci) at C:\\xampp\\htdocs\\villa\\vendor\\laravel\\framework\\src\\Illuminate\\Database\\Connection.php:664, PDOException(code: 42S21): SQLSTATE[42S21]: Column already exists: 1060 Duplicate column name 'content_status' at C:\\xampp\\htdocs\\villa\\vendor\\laravel\\framework\\src\\Illuminate\\Database\\Connection.php:458)
[stacktrace]
#0 C:\\xampp\\htdocs\\villa\\vendor\\laravel\\framework\\src\\Illuminate\\Database\\Connection.php(624): Illuminate\\Database\\Connection->runQueryCallback('create table `c...', Array, Object(Closure))
#1 C:\\xampp\\htdocs\\villa\\vendor\\laravel\\framework\\src\\Illuminate\\Database\\Connection.php(459): Illuminate\\Database\\Connection->run('create table `c...', Array, Object(Closure))
#2 C:\\xampp\\htdocs\\villa\\vendor\\laravel\\framework\\src\\Illuminate\\Database\\Schema\\Blueprint.php(88): Illuminate\\Database\\Connection->statement('create table `c...')
#3 C:\\xampp\\htdocs\\villa\\vendor\\laravel\\framework\\src\\Illuminate\\Database\\Schema\\Builder.php(252): Illuminate\\Database\\Schema\\Blueprint->build(Object(Illuminate\\Database\\MySqlConnection), Object(Illuminate\\Database\\Schema\\Grammars\\MySqlGrammar))
#4 C:\\xampp\\htdocs\\villa\\vendor\\laravel\\framework\\src\\Illuminate\\Database\\Schema\\Builder.php(165): Illuminate\\Database\\Schema\\Builder->build(Object(Illuminate\\Database\\Schema\\Blueprint))
#5 C:\\xampp\\htdocs\\villa\\vendor\\laravel\\framework\\src\\Illuminate\\Support\\Facades\\Facade.php(221): Illuminate\\Database\\Schema\\Builder->create('contents', Object(Closure))
#6 C:\\xampp\\htdocs\\villa\\database\\migrations\\2018_03_16_051517_create_contents.php(32): Illuminate\\Support\\Facades\\Facade::__callStatic('create', Array)
#7 C:\\xampp\\htdocs\\villa\\vendor\\laravel\\framework\\src\\Illuminate\\Database\\Migrations\\Migrator.php(359): CreateContents->up()
#8 C:\\xampp\\htdocs\\villa\\vendor\\laravel\\framework\\src\\Illuminate\\Database\\Migrations\\Migrator.php(366): Illuminate\\Database\\Migrations\\Migrator->Illuminate\\Database\\Migrations\\{closure}()
#9 C:\\xampp\\htdocs\\villa\\vendor\\laravel\\framework\\src\\Illuminate\\Database\\Migrations\\Migrator.php(177): Illuminate\\Database\\Migrations\\Migrator->runMigration(Object(CreateContents), 'up')
#10 C:\\xampp\\htdocs\\villa\\vendor\\laravel\\framework\\src\\Illuminate\\Database\\Migrations\\Migrator.php(146): Illuminate\\Database\\Migrations\\Migrator->runUp('C:\\\\xampp\\\\htdocs...', 1, false)
#11 C:\\xampp\\htdocs\\villa\\vendor\\laravel\\framework\\src\\Illuminate\\Database\\Migrations\\Migrator.php(95): Illuminate\\Database\\Migrations\\Migrator->runPending(Array, Array)
#12 C:\\xampp\\htdocs\\villa\\vendor\\laravel\\framework\\src\\Illuminate\\Database\\Console\\Migrations\\MigrateCommand.php(70): Illuminate\\Database\\Migrations\\Migrator->run(Array, Array)
#13 [internal function]: Illuminate\\Database\\Console\\Migrations\\MigrateCommand->handle()
#14 C:\\xampp\\htdocs\\villa\\vendor\\laravel\\framework\\src\\Illuminate\\Container\\BoundMethod.php(29): call_user_func_array(Array, Array)
#15 C:\\xampp\\htdocs\\villa\\vendor\\laravel\\framework\\src\\Illuminate\\Container\\BoundMethod.php(87): Illuminate\\Container\\BoundMethod::Illuminate\\Container\\{closure}()
#16 C:\\xampp\\htdocs\\villa\\vendor\\laravel\\framework\\src\\Illuminate\\Container\\BoundMethod.php(31): Illuminate\\Container\\BoundMethod::callBoundMethod(Object(Illuminate\\Foundation\\Application), Array, Object(Closure))
#17 C:\\xampp\\htdocs\\villa\\vendor\\laravel\\framework\\src\\Illuminate\\Container\\Container.php(564): Illuminate\\Container\\BoundMethod::call(Object(Illuminate\\Foundation\\Application), Array, Array, NULL)
#18 C:\\xampp\\htdocs\\villa\\vendor\\laravel\\framework\\src\\Illuminate\\Console\\Command.php(183): Illuminate\\Container\\Container->call(Array)
#19 C:\\xampp\\htdocs\\villa\\vendor\\symfony\\console\\Command\\Command.php(252): Illuminate\\Console\\Command->execute(Object(Symfony\\Component\\Console\\Input\\ArgvInput), Object(Illuminate\\Console\\OutputStyle))
#20 C:\\xampp\\htdocs\\villa\\vendor\\laravel\\framework\\src\\Illuminate\\Console\\Command.php(170): Symfony\\Component\\Console\\Command\\Command->run(Object(Symfony\\Component\\Console\\Input\\ArgvInput), Object(Illuminate\\Console\\OutputStyle))
#21 C:\\xampp\\htdocs\\villa\\vendor\\symfony\\console\\Application.php(865): Illuminate\\Console\\Command->run(Object(Symfony\\Component\\Console\\Input\\ArgvInput), Object(Symfony\\Component\\Console\\Output\\ConsoleOutput))
#22 C:\\xampp\\htdocs\\villa\\vendor\\symfony\\console\\Application.php(241): Symfony\\Component\\Console\\Application->doRunCommand(Object(Illuminate\\Database\\Console\\Migrations\\MigrateCommand), Object(Symfony\\Component\\Console\\Input\\ArgvInput), Object(Symfony\\Component\\Console\\Output\\ConsoleOutput))
#23 C:\\xampp\\htdocs\\villa\\vendor\\symfony\\console\\Application.php(143): Symfony\\Component\\Console\\Application->doRun(Object(Symfony\\Component\\Console\\Input\\ArgvInput), Object(Symfony\\Component\\Console\\Output\\ConsoleOutput))
#24 C:\\xampp\\htdocs\\villa\\vendor\\laravel\\framework\\src\\Illuminate\\Console\\Application.php(88): Symfony\\Component\\Console\\Application->run(Object(Symfony\\Component\\Console\\Input\\ArgvInput), Object(Symfony\\Component\\Console\\Output\\ConsoleOutput))
#25 C:\\xampp\\htdocs\\villa\\vendor\\laravel\\framework\\src\\Illuminate\\Foundation\\Console\\Kernel.php(122): Illuminate\\Console\\Application->run(Object(Symfony\\Component\\Console\\Input\\ArgvInput), Object(Symfony\\Component\\Console\\Output\\ConsoleOutput))
#26 C:\\xampp\\htdocs\\villa\\artisan(37): Illuminate\\Foundation\\Console\\Kernel->handle(Object(Symfony\\Component\\Console\\Input\\ArgvInput), Object(Symfony\\Component\\Console\\Output\\ConsoleOutput))
#27 {main}
"} 
[2018-03-16 11:16:11] local.ERROR: SQLSTATE[HY000]: General error: 1005 Can't create table `villa`.`#sql-13cc_83` (errno: 150 "Foreign key constraint is incorrectly formed") (SQL: alter table `contents` add constraint `contents_admin_user_id_foreign` foreign key (`admin_user_id`) references `admin_users` (`id`) on delete cascade on update cascade) {"exception":"[object] (Illuminate\\Database\\QueryException(code: HY000): SQLSTATE[HY000]: General error: 1005 Can't create table `villa`.`#sql-13cc_83` (errno: 150 \"Foreign key constraint is incorrectly formed\") (SQL: alter table `contents` add constraint `contents_admin_user_id_foreign` foreign key (`admin_user_id`) references `admin_users` (`id`) on delete cascade on update cascade) at C:\\xampp\\htdocs\\villa\\vendor\\laravel\\framework\\src\\Illuminate\\Database\\Connection.php:664, PDOException(code: HY000): SQLSTATE[HY000]: General error: 1005 Can't create table `villa`.`#sql-13cc_83` (errno: 150 \"Foreign key constraint is incorrectly formed\") at C:\\xampp\\htdocs\\villa\\vendor\\laravel\\framework\\src\\Illuminate\\Database\\Connection.php:458)
[stacktrace]
#0 C:\\xampp\\htdocs\\villa\\vendor\\laravel\\framework\\src\\Illuminate\\Database\\Connection.php(624): Illuminate\\Database\\Connection->runQueryCallback('alter table `co...', Array, Object(Closure))
#1 C:\\xampp\\htdocs\\villa\\vendor\\laravel\\framework\\src\\Illuminate\\Database\\Connection.php(459): Illuminate\\Database\\Connection->run('alter table `co...', Array, Object(Closure))
#2 C:\\xampp\\htdocs\\villa\\vendor\\laravel\\framework\\src\\Illuminate\\Database\\Schema\\Blueprint.php(88): Illuminate\\Database\\Connection->statement('alter table `co...')
#3 C:\\xampp\\htdocs\\villa\\vendor\\laravel\\framework\\src\\Illuminate\\Database\\Schema\\Builder.php(252): Illuminate\\Database\\Schema\\Blueprint->build(Object(Illuminate\\Database\\MySqlConnection), Object(Illuminate\\Database\\Schema\\Grammars\\MySqlGrammar))
#4 C:\\xampp\\htdocs\\villa\\vendor\\laravel\\framework\\src\\Illuminate\\Database\\Schema\\Builder.php(165): Illuminate\\Database\\Schema\\Builder->build(Object(Illuminate\\Database\\Schema\\Blueprint))
#5 C:\\xampp\\htdocs\\villa\\vendor\\laravel\\framework\\src\\Illuminate\\Support\\Facades\\Facade.php(221): Illuminate\\Database\\Schema\\Builder->create('contents', Object(Closure))
#6 C:\\xampp\\htdocs\\villa\\database\\migrations\\2018_03_16_051517_create_contents.php(31): Illuminate\\Support\\Facades\\Facade::__callStatic('create', Array)
#7 C:\\xampp\\htdocs\\villa\\vendor\\laravel\\framework\\src\\Illuminate\\Database\\Migrations\\Migrator.php(359): CreateContents->up()
#8 C:\\xampp\\htdocs\\villa\\vendor\\laravel\\framework\\src\\Illuminate\\Database\\Migrations\\Migrator.php(366): Illuminate\\Database\\Migrations\\Migrator->Illuminate\\Database\\Migrations\\{closure}()
#9 C:\\xampp\\htdocs\\villa\\vendor\\laravel\\framework\\src\\Illuminate\\Database\\Migrations\\Migrator.php(177): Illuminate\\Database\\Migrations\\Migrator->runMigration(Object(CreateContents), 'up')
#10 C:\\xampp\\htdocs\\villa\\vendor\\laravel\\framework\\src\\Illuminate\\Database\\Migrations\\Migrator.php(146): Illuminate\\Database\\Migrations\\Migrator->runUp('C:\\\\xampp\\\\htdocs...', 1, false)
#11 C:\\xampp\\htdocs\\villa\\vendor\\laravel\\framework\\src\\Illuminate\\Database\\Migrations\\Migrator.php(95): Illuminate\\Database\\Migrations\\Migrator->runPending(Array, Array)
#12 C:\\xampp\\htdocs\\villa\\vendor\\laravel\\framework\\src\\Illuminate\\Database\\Console\\Migrations\\MigrateCommand.php(70): Illuminate\\Database\\Migrations\\Migrator->run(Array, Array)
#13 [internal function]: Illuminate\\Database\\Console\\Migrations\\MigrateCommand->handle()
#14 C:\\xampp\\htdocs\\villa\\vendor\\laravel\\framework\\src\\Illuminate\\Container\\BoundMethod.php(29): call_user_func_array(Array, Array)
#15 C:\\xampp\\htdocs\\villa\\vendor\\laravel\\framework\\src\\Illuminate\\Container\\BoundMethod.php(87): Illuminate\\Container\\BoundMethod::Illuminate\\Container\\{closure}()
#16 C:\\xampp\\htdocs\\villa\\vendor\\laravel\\framework\\src\\Illuminate\\Container\\BoundMethod.php(31): Illuminate\\Container\\BoundMethod::callBoundMethod(Object(Illuminate\\Foundation\\Application), Array, Object(Closure))
#17 C:\\xampp\\htdocs\\villa\\vendor\\laravel\\framework\\src\\Illuminate\\Container\\Container.php(564): Illuminate\\Container\\BoundMethod::call(Object(Illuminate\\Foundation\\Application), Array, Array, NULL)
#18 C:\\xampp\\htdocs\\villa\\vendor\\laravel\\framework\\src\\Illuminate\\Console\\Command.php(183): Illuminate\\Container\\Container->call(Array)
#19 C:\\xampp\\htdocs\\villa\\vendor\\symfony\\console\\Command\\Command.php(252): Illuminate\\Console\\Command->execute(Object(Symfony\\Component\\Console\\Input\\ArgvInput), Object(Illuminate\\Console\\OutputStyle))
#20 C:\\xampp\\htdocs\\villa\\vendor\\laravel\\framework\\src\\Illuminate\\Console\\Command.php(170): Symfony\\Component\\Console\\Command\\Command->run(Object(Symfony\\Component\\Console\\Input\\ArgvInput), Object(Illuminate\\Console\\OutputStyle))
#21 C:\\xampp\\htdocs\\villa\\vendor\\symfony\\console\\Application.php(865): Illuminate\\Console\\Command->run(Object(Symfony\\Component\\Console\\Input\\ArgvInput), Object(Symfony\\Component\\Console\\Output\\ConsoleOutput))
#22 C:\\xampp\\htdocs\\villa\\vendor\\symfony\\console\\Application.php(241): Symfony\\Component\\Console\\Application->doRunCommand(Object(Illuminate\\Database\\Console\\Migrations\\MigrateCommand), Object(Symfony\\Component\\Console\\Input\\ArgvInput), Object(Symfony\\Component\\Console\\Output\\ConsoleOutput))
#23 C:\\xampp\\htdocs\\villa\\vendor\\symfony\\console\\Application.php(143): Symfony\\Component\\Console\\Application->doRun(Object(Symfony\\Component\\Console\\Input\\ArgvInput), Object(Symfony\\Component\\Console\\Output\\ConsoleOutput))
#24 C:\\xampp\\htdocs\\villa\\vendor\\laravel\\framework\\src\\Illuminate\\Console\\Application.php(88): Symfony\\Component\\Console\\Application->run(Object(Symfony\\Component\\Console\\Input\\ArgvInput), Object(Symfony\\Component\\Console\\Output\\ConsoleOutput))
#25 C:\\xampp\\htdocs\\villa\\vendor\\laravel\\framework\\src\\Illuminate\\Foundation\\Console\\Kernel.php(122): Illuminate\\Console\\Application->run(Object(Symfony\\Component\\Console\\Input\\ArgvInput), Object(Symfony\\Component\\Console\\Output\\ConsoleOutput))
#26 C:\\xampp\\htdocs\\villa\\artisan(37): Illuminate\\Foundation\\Console\\Kernel->handle(Object(Symfony\\Component\\Console\\Input\\ArgvInput), Object(Symfony\\Component\\Console\\Output\\ConsoleOutput))
#27 {main}
"} 
[2018-03-16 11:19:49] local.ERROR: SQLSTATE[HY000]: General error: 1005 Can't create table `villa`.`#sql-13cc_91` (errno: 150 "Foreign key constraint is incorrectly formed") (SQL: alter table `contents` add constraint `contents_admin_user_id_foreign` foreign key (`admin_user_id`) references `admin_users` (`id`) on delete cascade on update cascade) {"exception":"[object] (Illuminate\\Database\\QueryException(code: HY000): SQLSTATE[HY000]: General error: 1005 Can't create table `villa`.`#sql-13cc_91` (errno: 150 \"Foreign key constraint is incorrectly formed\") (SQL: alter table `contents` add constraint `contents_admin_user_id_foreign` foreign key (`admin_user_id`) references `admin_users` (`id`) on delete cascade on update cascade) at C:\\xampp\\htdocs\\villa\\vendor\\laravel\\framework\\src\\Illuminate\\Database\\Connection.php:664, PDOException(code: HY000): SQLSTATE[HY000]: General error: 1005 Can't create table `villa`.`#sql-13cc_91` (errno: 150 \"Foreign key constraint is incorrectly formed\") at C:\\xampp\\htdocs\\villa\\vendor\\laravel\\framework\\src\\Illuminate\\Database\\Connection.php:458)
[stacktrace]
#0 C:\\xampp\\htdocs\\villa\\vendor\\laravel\\framework\\src\\Illuminate\\Database\\Connection.php(624): Illuminate\\Database\\Connection->runQueryCallback('alter table `co...', Array, Object(Closure))
#1 C:\\xampp\\htdocs\\villa\\vendor\\laravel\\framework\\src\\Illuminate\\Database\\Connection.php(459): Illuminate\\Database\\Connection->run('alter table `co...', Array, Object(Closure))
#2 C:\\xampp\\htdocs\\villa\\vendor\\laravel\\framework\\src\\Illuminate\\Database\\Schema\\Blueprint.php(88): Illuminate\\Database\\Connection->statement('alter table `co...')
#3 C:\\xampp\\htdocs\\villa\\vendor\\laravel\\framework\\src\\Illuminate\\Database\\Schema\\Builder.php(252): Illuminate\\Database\\Schema\\Blueprint->build(Object(Illuminate\\Database\\MySqlConnection), Object(Illuminate\\Database\\Schema\\Grammars\\MySqlGrammar))
#4 C:\\xampp\\htdocs\\villa\\vendor\\laravel\\framework\\src\\Illuminate\\Database\\Schema\\Builder.php(165): Illuminate\\Database\\Schema\\Builder->build(Object(Illuminate\\Database\\Schema\\Blueprint))
#5 C:\\xampp\\htdocs\\villa\\vendor\\laravel\\framework\\src\\Illuminate\\Support\\Facades\\Facade.php(221): Illuminate\\Database\\Schema\\Builder->create('contents', Object(Closure))
#6 C:\\xampp\\htdocs\\villa\\database\\migrations\\2018_03_16_051517_create_contents.php(31): Illuminate\\Support\\Facades\\Facade::__callStatic('create', Array)
#7 C:\\xampp\\htdocs\\villa\\vendor\\laravel\\framework\\src\\Illuminate\\Database\\Migrations\\Migrator.php(359): CreateContents->up()
#8 C:\\xampp\\htdocs\\villa\\vendor\\laravel\\framework\\src\\Illuminate\\Database\\Migrations\\Migrator.php(366): Illuminate\\Database\\Migrations\\Migrator->Illuminate\\Database\\Migrations\\{closure}()
#9 C:\\xampp\\htdocs\\villa\\vendor\\laravel\\framework\\src\\Illuminate\\Database\\Migrations\\Migrator.php(177): Illuminate\\Database\\Migrations\\Migrator->runMigration(Object(CreateContents), 'up')
#10 C:\\xampp\\htdocs\\villa\\vendor\\laravel\\framework\\src\\Illuminate\\Database\\Migrations\\Migrator.php(146): Illuminate\\Database\\Migrations\\Migrator->runUp('C:\\\\xampp\\\\htdocs...', 1, false)
#11 C:\\xampp\\htdocs\\villa\\vendor\\laravel\\framework\\src\\Illuminate\\Database\\Migrations\\Migrator.php(95): Illuminate\\Database\\Migrations\\Migrator->runPending(Array, Array)
#12 C:\\xampp\\htdocs\\villa\\vendor\\laravel\\framework\\src\\Illuminate\\Database\\Console\\Migrations\\MigrateCommand.php(70): Illuminate\\Database\\Migrations\\Migrator->run(Array, Array)
#13 [internal function]: Illuminate\\Database\\Console\\Migrations\\MigrateCommand->handle()
#14 C:\\xampp\\htdocs\\villa\\vendor\\laravel\\framework\\src\\Illuminate\\Container\\BoundMethod.php(29): call_user_func_array(Array, Array)
#15 C:\\xampp\\htdocs\\villa\\vendor\\laravel\\framework\\src\\Illuminate\\Container\\BoundMethod.php(87): Illuminate\\Container\\BoundMethod::Illuminate\\Container\\{closure}()
#16 C:\\xampp\\htdocs\\villa\\vendor\\laravel\\framework\\src\\Illuminate\\Container\\BoundMethod.php(31): Illuminate\\Container\\BoundMethod::callBoundMethod(Object(Illuminate\\Foundation\\Application), Array, Object(Closure))
#17 C:\\xampp\\htdocs\\villa\\vendor\\laravel\\framework\\src\\Illuminate\\Container\\Container.php(564): Illuminate\\Container\\BoundMethod::call(Object(Illuminate\\Foundation\\Application), Array, Array, NULL)
#18 C:\\xampp\\htdocs\\villa\\vendor\\laravel\\framework\\src\\Illuminate\\Console\\Command.php(183): Illuminate\\Container\\Container->call(Array)
#19 C:\\xampp\\htdocs\\villa\\vendor\\symfony\\console\\Command\\Command.php(252): Illuminate\\Console\\Command->execute(Object(Symfony\\Component\\Console\\Input\\ArgvInput), Object(Illuminate\\Console\\OutputStyle))
#20 C:\\xampp\\htdocs\\villa\\vendor\\laravel\\framework\\src\\Illuminate\\Console\\Command.php(170): Symfony\\Component\\Console\\Command\\Command->run(Object(Symfony\\Component\\Console\\Input\\ArgvInput), Object(Illuminate\\Console\\OutputStyle))
#21 C:\\xampp\\htdocs\\villa\\vendor\\symfony\\console\\Application.php(865): Illuminate\\Console\\Command->run(Object(Symfony\\Component\\Console\\Input\\ArgvInput), Object(Symfony\\Component\\Console\\Output\\ConsoleOutput))
#22 C:\\xampp\\htdocs\\villa\\vendor\\symfony\\console\\Application.php(241): Symfony\\Component\\Console\\Application->doRunCommand(Object(Illuminate\\Database\\Console\\Migrations\\MigrateCommand), Object(Symfony\\Component\\Console\\Input\\ArgvInput), Object(Symfony\\Component\\Console\\Output\\ConsoleOutput))
#23 C:\\xampp\\htdocs\\villa\\vendor\\symfony\\console\\Application.php(143): Symfony\\Component\\Console\\Application->doRun(Object(Symfony\\Component\\Console\\Input\\ArgvInput), Object(Symfony\\Component\\Console\\Output\\ConsoleOutput))
#24 C:\\xampp\\htdocs\\villa\\vendor\\laravel\\framework\\src\\Illuminate\\Console\\Application.php(88): Symfony\\Component\\Console\\Application->run(Object(Symfony\\Component\\Console\\Input\\ArgvInput), Object(Symfony\\Component\\Console\\Output\\ConsoleOutput))
#25 C:\\xampp\\htdocs\\villa\\vendor\\laravel\\framework\\src\\Illuminate\\Foundation\\Console\\Kernel.php(122): Illuminate\\Console\\Application->run(Object(Symfony\\Component\\Console\\Input\\ArgvInput), Object(Symfony\\Component\\Console\\Output\\ConsoleOutput))
#26 C:\\xampp\\htdocs\\villa\\artisan(37): Illuminate\\Foundation\\Console\\Kernel->handle(Object(Symfony\\Component\\Console\\Input\\ArgvInput), Object(Symfony\\Component\\Console\\Output\\ConsoleOutput))
#27 {main}
"} 
[2018-03-16 11:22:53] local.ERROR: SQLSTATE[HY000]: General error: 1005 Can't create table `villa`.`#sql-13cc_a1` (errno: 150 "Foreign key constraint is incorrectly formed") (SQL: alter table `content_category3` add constraint `content_category3_content_id_foreign` foreign key (`content_id`) references `contents` (`id`) on delete cascade on update cascade) {"exception":"[object] (Illuminate\\Database\\QueryException(code: HY000): SQLSTATE[HY000]: General error: 1005 Can't create table `villa`.`#sql-13cc_a1` (errno: 150 \"Foreign key constraint is incorrectly formed\") (SQL: alter table `content_category3` add constraint `content_category3_content_id_foreign` foreign key (`content_id`) references `contents` (`id`) on delete cascade on update cascade) at C:\\xampp\\htdocs\\villa\\vendor\\laravel\\framework\\src\\Illuminate\\Database\\Connection.php:664, PDOException(code: HY000): SQLSTATE[HY000]: General error: 1005 Can't create table `villa`.`#sql-13cc_a1` (errno: 150 \"Foreign key constraint is incorrectly formed\") at C:\\xampp\\htdocs\\villa\\vendor\\laravel\\framework\\src\\Illuminate\\Database\\Connection.php:458)
[stacktrace]
#0 C:\\xampp\\htdocs\\villa\\vendor\\laravel\\framework\\src\\Illuminate\\Database\\Connection.php(624): Illuminate\\Database\\Connection->runQueryCallback('alter table `co...', Array, Object(Closure))
#1 C:\\xampp\\htdocs\\villa\\vendor\\laravel\\framework\\src\\Illuminate\\Database\\Connection.php(459): Illuminate\\Database\\Connection->run('alter table `co...', Array, Object(Closure))
#2 C:\\xampp\\htdocs\\villa\\vendor\\laravel\\framework\\src\\Illuminate\\Database\\Schema\\Blueprint.php(88): Illuminate\\Database\\Connection->statement('alter table `co...')
#3 C:\\xampp\\htdocs\\villa\\vendor\\laravel\\framework\\src\\Illuminate\\Database\\Schema\\Builder.php(252): Illuminate\\Database\\Schema\\Blueprint->build(Object(Illuminate\\Database\\MySqlConnection), Object(Illuminate\\Database\\Schema\\Grammars\\MySqlGrammar))
#4 C:\\xampp\\htdocs\\villa\\vendor\\laravel\\framework\\src\\Illuminate\\Database\\Schema\\Builder.php(165): Illuminate\\Database\\Schema\\Builder->build(Object(Illuminate\\Database\\Schema\\Blueprint))
#5 C:\\xampp\\htdocs\\villa\\vendor\\laravel\\framework\\src\\Illuminate\\Support\\Facades\\Facade.php(221): Illuminate\\Database\\Schema\\Builder->create('content_categor...', Object(Closure))
#6 C:\\xampp\\htdocs\\villa\\database\\migrations\\2018_03_16_094819_create_content_category.php(23): Illuminate\\Support\\Facades\\Facade::__callStatic('create', Array)
#7 C:\\xampp\\htdocs\\villa\\vendor\\laravel\\framework\\src\\Illuminate\\Database\\Migrations\\Migrator.php(359): CreateContentCategory->up()
#8 C:\\xampp\\htdocs\\villa\\vendor\\laravel\\framework\\src\\Illuminate\\Database\\Migrations\\Migrator.php(366): Illuminate\\Database\\Migrations\\Migrator->Illuminate\\Database\\Migrations\\{closure}()
#9 C:\\xampp\\htdocs\\villa\\vendor\\laravel\\framework\\src\\Illuminate\\Database\\Migrations\\Migrator.php(177): Illuminate\\Database\\Migrations\\Migrator->runMigration(Object(CreateContentCategory), 'up')
#10 C:\\xampp\\htdocs\\villa\\vendor\\laravel\\framework\\src\\Illuminate\\Database\\Migrations\\Migrator.php(146): Illuminate\\Database\\Migrations\\Migrator->runUp('C:\\\\xampp\\\\htdocs...', 1, false)
#11 C:\\xampp\\htdocs\\villa\\vendor\\laravel\\framework\\src\\Illuminate\\Database\\Migrations\\Migrator.php(95): Illuminate\\Database\\Migrations\\Migrator->runPending(Array, Array)
#12 C:\\xampp\\htdocs\\villa\\vendor\\laravel\\framework\\src\\Illuminate\\Database\\Console\\Migrations\\MigrateCommand.php(70): Illuminate\\Database\\Migrations\\Migrator->run(Array, Array)
#13 [internal function]: Illuminate\\Database\\Console\\Migrations\\MigrateCommand->handle()
#14 C:\\xampp\\htdocs\\villa\\vendor\\laravel\\framework\\src\\Illuminate\\Container\\BoundMethod.php(29): call_user_func_array(Array, Array)
#15 C:\\xampp\\htdocs\\villa\\vendor\\laravel\\framework\\src\\Illuminate\\Container\\BoundMethod.php(87): Illuminate\\Container\\BoundMethod::Illuminate\\Container\\{closure}()
#16 C:\\xampp\\htdocs\\villa\\vendor\\laravel\\framework\\src\\Illuminate\\Container\\BoundMethod.php(31): Illuminate\\Container\\BoundMethod::callBoundMethod(Object(Illuminate\\Foundation\\Application), Array, Object(Closure))
#17 C:\\xampp\\htdocs\\villa\\vendor\\laravel\\framework\\src\\Illuminate\\Container\\Container.php(564): Illuminate\\Container\\BoundMethod::call(Object(Illuminate\\Foundation\\Application), Array, Array, NULL)
#18 C:\\xampp\\htdocs\\villa\\vendor\\laravel\\framework\\src\\Illuminate\\Console\\Command.php(183): Illuminate\\Container\\Container->call(Array)
#19 C:\\xampp\\htdocs\\villa\\vendor\\symfony\\console\\Command\\Command.php(252): Illuminate\\Console\\Command->execute(Object(Symfony\\Component\\Console\\Input\\ArgvInput), Object(Illuminate\\Console\\OutputStyle))
#20 C:\\xampp\\htdocs\\villa\\vendor\\laravel\\framework\\src\\Illuminate\\Console\\Command.php(170): Symfony\\Component\\Console\\Command\\Command->run(Object(Symfony\\Component\\Console\\Input\\ArgvInput), Object(Illuminate\\Console\\OutputStyle))
#21 C:\\xampp\\htdocs\\villa\\vendor\\symfony\\console\\Application.php(865): Illuminate\\Console\\Command->run(Object(Symfony\\Component\\Console\\Input\\ArgvInput), Object(Symfony\\Component\\Console\\Output\\ConsoleOutput))
#22 C:\\xampp\\htdocs\\villa\\vendor\\symfony\\console\\Application.php(241): Symfony\\Component\\Console\\Application->doRunCommand(Object(Illuminate\\Database\\Console\\Migrations\\MigrateCommand), Object(Symfony\\Component\\Console\\Input\\ArgvInput), Object(Symfony\\Component\\Console\\Output\\ConsoleOutput))
#23 C:\\xampp\\htdocs\\villa\\vendor\\symfony\\console\\Application.php(143): Symfony\\Component\\Console\\Application->doRun(Object(Symfony\\Component\\Console\\Input\\ArgvInput), Object(Symfony\\Component\\Console\\Output\\ConsoleOutput))
#24 C:\\xampp\\htdocs\\villa\\vendor\\laravel\\framework\\src\\Illuminate\\Console\\Application.php(88): Symfony\\Component\\Console\\Application->run(Object(Symfony\\Component\\Console\\Input\\ArgvInput), Object(Symfony\\Component\\Console\\Output\\ConsoleOutput))
#25 C:\\xampp\\htdocs\\villa\\vendor\\laravel\\framework\\src\\Illuminate\\Foundation\\Console\\Kernel.php(122): Illuminate\\Console\\Application->run(Object(Symfony\\Component\\Console\\Input\\ArgvInput), Object(Symfony\\Component\\Console\\Output\\ConsoleOutput))
#26 C:\\xampp\\htdocs\\villa\\artisan(37): Illuminate\\Foundation\\Console\\Kernel->handle(Object(Symfony\\Component\\Console\\Input\\ArgvInput), Object(Symfony\\Component\\Console\\Output\\ConsoleOutput))
#27 {main}
"} 
[2018-03-16 11:24:04] local.ERROR: SQLSTATE[42000]: Syntax error or access violation: 1071 Specified key was too long; max key length is 767 bytes (SQL: alter table `admin_users` add unique `admin_users_user_name_unique`(`user_name`)) {"exception":"[object] (Illuminate\\Database\\QueryException(code: 42000): SQLSTATE[42000]: Syntax error or access violation: 1071 Specified key was too long; max key length is 767 bytes (SQL: alter table `admin_users` add unique `admin_users_user_name_unique`(`user_name`)) at C:\\xampp\\htdocs\\villa\\vendor\\laravel\\framework\\src\\Illuminate\\Database\\Connection.php:664, PDOException(code: 42000): SQLSTATE[42000]: Syntax error or access violation: 1071 Specified key was too long; max key length is 767 bytes at C:\\xampp\\htdocs\\villa\\vendor\\laravel\\framework\\src\\Illuminate\\Database\\Connection.php:458)
[stacktrace]
#0 C:\\xampp\\htdocs\\villa\\vendor\\laravel\\framework\\src\\Illuminate\\Database\\Connection.php(624): Illuminate\\Database\\Connection->runQueryCallback('alter table `ad...', Array, Object(Closure))
#1 C:\\xampp\\htdocs\\villa\\vendor\\laravel\\framework\\src\\Illuminate\\Database\\Connection.php(459): Illuminate\\Database\\Connection->run('alter table `ad...', Array, Object(Closure))
#2 C:\\xampp\\htdocs\\villa\\vendor\\laravel\\framework\\src\\Illuminate\\Database\\Schema\\Blueprint.php(88): Illuminate\\Database\\Connection->statement('alter table `ad...')
#3 C:\\xampp\\htdocs\\villa\\vendor\\laravel\\framework\\src\\Illuminate\\Database\\Schema\\Builder.php(252): Illuminate\\Database\\Schema\\Blueprint->build(Object(Illuminate\\Database\\MySqlConnection), Object(Illuminate\\Database\\Schema\\Grammars\\MySqlGrammar))
#4 C:\\xampp\\htdocs\\villa\\vendor\\laravel\\framework\\src\\Illuminate\\Database\\Schema\\Builder.php(165): Illuminate\\Database\\Schema\\Builder->build(Object(Illuminate\\Database\\Schema\\Blueprint))
#5 C:\\xampp\\htdocs\\villa\\vendor\\laravel\\framework\\src\\Illuminate\\Support\\Facades\\Facade.php(221): Illuminate\\Database\\Schema\\Builder->create('admin_users', Object(Closure))
#6 C:\\xampp\\htdocs\\villa\\database\\migrations\\2018_03_16_095319_admin_users.php(27): Illuminate\\Support\\Facades\\Facade::__callStatic('create', Array)
#7 C:\\xampp\\htdocs\\villa\\vendor\\laravel\\framework\\src\\Illuminate\\Database\\Migrations\\Migrator.php(359): AdminUsers->up()
#8 C:\\xampp\\htdocs\\villa\\vendor\\laravel\\framework\\src\\Illuminate\\Database\\Migrations\\Migrator.php(366): Illuminate\\Database\\Migrations\\Migrator->Illuminate\\Database\\Migrations\\{closure}()
#9 C:\\xampp\\htdocs\\villa\\vendor\\laravel\\framework\\src\\Illuminate\\Database\\Migrations\\Migrator.php(177): Illuminate\\Database\\Migrations\\Migrator->runMigration(Object(AdminUsers), 'up')
#10 C:\\xampp\\htdocs\\villa\\vendor\\laravel\\framework\\src\\Illuminate\\Database\\Migrations\\Migrator.php(146): Illuminate\\Database\\Migrations\\Migrator->runUp('C:\\\\xampp\\\\htdocs...', 1, false)
#11 C:\\xampp\\htdocs\\villa\\vendor\\laravel\\framework\\src\\Illuminate\\Database\\Migrations\\Migrator.php(95): Illuminate\\Database\\Migrations\\Migrator->runPending(Array, Array)
#12 C:\\xampp\\htdocs\\villa\\vendor\\laravel\\framework\\src\\Illuminate\\Database\\Console\\Migrations\\MigrateCommand.php(70): Illuminate\\Database\\Migrations\\Migrator->run(Array, Array)
#13 [internal function]: Illuminate\\Database\\Console\\Migrations\\MigrateCommand->handle()
#14 C:\\xampp\\htdocs\\villa\\vendor\\laravel\\framework\\src\\Illuminate\\Container\\BoundMethod.php(29): call_user_func_array(Array, Array)
#15 C:\\xampp\\htdocs\\villa\\vendor\\laravel\\framework\\src\\Illuminate\\Container\\BoundMethod.php(87): Illuminate\\Container\\BoundMethod::Illuminate\\Container\\{closure}()
#16 C:\\xampp\\htdocs\\villa\\vendor\\laravel\\framework\\src\\Illuminate\\Container\\BoundMethod.php(31): Illuminate\\Container\\BoundMethod::callBoundMethod(Object(Illuminate\\Foundation\\Application), Array, Object(Closure))
#17 C:\\xampp\\htdocs\\villa\\vendor\\laravel\\framework\\src\\Illuminate\\Container\\Container.php(564): Illuminate\\Container\\BoundMethod::call(Object(Illuminate\\Foundation\\Application), Array, Array, NULL)
#18 C:\\xampp\\htdocs\\villa\\vendor\\laravel\\framework\\src\\Illuminate\\Console\\Command.php(183): Illuminate\\Container\\Container->call(Array)
#19 C:\\xampp\\htdocs\\villa\\vendor\\symfony\\console\\Command\\Command.php(252): Illuminate\\Console\\Command->execute(Object(Symfony\\Component\\Console\\Input\\ArgvInput), Object(Illuminate\\Console\\OutputStyle))
#20 C:\\xampp\\htdocs\\villa\\vendor\\laravel\\framework\\src\\Illuminate\\Console\\Command.php(170): Symfony\\Component\\Console\\Command\\Command->run(Object(Symfony\\Component\\Console\\Input\\ArgvInput), Object(Illuminate\\Console\\OutputStyle))
#21 C:\\xampp\\htdocs\\villa\\vendor\\symfony\\console\\Application.php(865): Illuminate\\Console\\Command->run(Object(Symfony\\Component\\Console\\Input\\ArgvInput), Object(Symfony\\Component\\Console\\Output\\ConsoleOutput))
#22 C:\\xampp\\htdocs\\villa\\vendor\\symfony\\console\\Application.php(241): Symfony\\Component\\Console\\Application->doRunCommand(Object(Illuminate\\Database\\Console\\Migrations\\MigrateCommand), Object(Symfony\\Component\\Console\\Input\\ArgvInput), Object(Symfony\\Component\\Console\\Output\\ConsoleOutput))
#23 C:\\xampp\\htdocs\\villa\\vendor\\symfony\\console\\Application.php(143): Symfony\\Component\\Console\\Application->doRun(Object(Symfony\\Component\\Console\\Input\\ArgvInput), Object(Symfony\\Component\\Console\\Output\\ConsoleOutput))
#24 C:\\xampp\\htdocs\\villa\\vendor\\laravel\\framework\\src\\Illuminate\\Console\\Application.php(88): Symfony\\Component\\Console\\Application->run(Object(Symfony\\Component\\Console\\Input\\ArgvInput), Object(Symfony\\Component\\Console\\Output\\ConsoleOutput))
#25 C:\\xampp\\htdocs\\villa\\vendor\\laravel\\framework\\src\\Illuminate\\Foundation\\Console\\Kernel.php(122): Illuminate\\Console\\Application->run(Object(Symfony\\Component\\Console\\Input\\ArgvInput), Object(Symfony\\Component\\Console\\Output\\ConsoleOutput))
#26 C:\\xampp\\htdocs\\villa\\artisan(37): Illuminate\\Foundation\\Console\\Kernel->handle(Object(Symfony\\Component\\Console\\Input\\ArgvInput), Object(Symfony\\Component\\Console\\Output\\ConsoleOutput))
#27 {main}
"} 
[2018-03-16 11:24:57] local.ERROR: Function name must be a string {"exception":"[object] (Symfony\\Component\\Debug\\Exception\\FatalThrowableError(code: 0): Function name must be a string at C:\\xampp\\htdocs\\villa\\database\\migrations\\2018_03_16_095925_create_admin_route_uri.php:18)
[stacktrace]
#0 C:\\xampp\\htdocs\\villa\\vendor\\laravel\\framework\\src\\Illuminate\\Database\\Schema\\Builder.php(164): CreateAdminRouteUri->{closure}(Object(Illuminate\\Database\\Schema\\Blueprint))
#1 C:\\xampp\\htdocs\\villa\\vendor\\laravel\\framework\\src\\Illuminate\\Support\\helpers.php(1038): Illuminate\\Database\\Schema\\Builder->Illuminate\\Database\\Schema\\{closure}(Object(Illuminate\\Database\\Schema\\Blueprint))
#2 C:\\xampp\\htdocs\\villa\\vendor\\laravel\\framework\\src\\Illuminate\\Database\\Schema\\Builder.php(165): tap(Object(Illuminate\\Database\\Schema\\Blueprint), Object(Closure))
#3 C:\\xampp\\htdocs\\villa\\vendor\\laravel\\framework\\src\\Illuminate\\Support\\Facades\\Facade.php(221): Illuminate\\Database\\Schema\\Builder->create('admin_route_uri', Object(Closure))
#4 C:\\xampp\\htdocs\\villa\\database\\migrations\\2018_03_16_095925_create_admin_route_uri.php(24): Illuminate\\Support\\Facades\\Facade::__callStatic('create', Array)
#5 C:\\xampp\\htdocs\\villa\\vendor\\laravel\\framework\\src\\Illuminate\\Database\\Migrations\\Migrator.php(359): CreateAdminRouteUri->up()
#6 C:\\xampp\\htdocs\\villa\\vendor\\laravel\\framework\\src\\Illuminate\\Database\\Migrations\\Migrator.php(366): Illuminate\\Database\\Migrations\\Migrator->Illuminate\\Database\\Migrations\\{closure}()
#7 C:\\xampp\\htdocs\\villa\\vendor\\laravel\\framework\\src\\Illuminate\\Database\\Migrations\\Migrator.php(177): Illuminate\\Database\\Migrations\\Migrator->runMigration(Object(CreateAdminRouteUri), 'up')
#8 C:\\xampp\\htdocs\\villa\\vendor\\laravel\\framework\\src\\Illuminate\\Database\\Migrations\\Migrator.php(146): Illuminate\\Database\\Migrations\\Migrator->runUp('C:\\\\xampp\\\\htdocs...', 1, false)
#9 C:\\xampp\\htdocs\\villa\\vendor\\laravel\\framework\\src\\Illuminate\\Database\\Migrations\\Migrator.php(95): Illuminate\\Database\\Migrations\\Migrator->runPending(Array, Array)
#10 C:\\xampp\\htdocs\\villa\\vendor\\laravel\\framework\\src\\Illuminate\\Database\\Console\\Migrations\\MigrateCommand.php(70): Illuminate\\Database\\Migrations\\Migrator->run(Array, Array)
#11 [internal function]: Illuminate\\Database\\Console\\Migrations\\MigrateCommand->handle()
#12 C:\\xampp\\htdocs\\villa\\vendor\\laravel\\framework\\src\\Illuminate\\Container\\BoundMethod.php(29): call_user_func_array(Array, Array)
#13 C:\\xampp\\htdocs\\villa\\vendor\\laravel\\framework\\src\\Illuminate\\Container\\BoundMethod.php(87): Illuminate\\Container\\BoundMethod::Illuminate\\Container\\{closure}()
#14 C:\\xampp\\htdocs\\villa\\vendor\\laravel\\framework\\src\\Illuminate\\Container\\BoundMethod.php(31): Illuminate\\Container\\BoundMethod::callBoundMethod(Object(Illuminate\\Foundation\\Application), Array, Object(Closure))
#15 C:\\xampp\\htdocs\\villa\\vendor\\laravel\\framework\\src\\Illuminate\\Container\\Container.php(564): Illuminate\\Container\\BoundMethod::call(Object(Illuminate\\Foundation\\Application), Array, Array, NULL)
#16 C:\\xampp\\htdocs\\villa\\vendor\\laravel\\framework\\src\\Illuminate\\Console\\Command.php(183): Illuminate\\Container\\Container->call(Array)
#17 C:\\xampp\\htdocs\\villa\\vendor\\symfony\\console\\Command\\Command.php(252): Illuminate\\Console\\Command->execute(Object(Symfony\\Component\\Console\\Input\\ArgvInput), Object(Illuminate\\Console\\OutputStyle))
#18 C:\\xampp\\htdocs\\villa\\vendor\\laravel\\framework\\src\\Illuminate\\Console\\Command.php(170): Symfony\\Component\\Console\\Command\\Command->run(Object(Symfony\\Component\\Console\\Input\\ArgvInput), Object(Illuminate\\Console\\OutputStyle))
#19 C:\\xampp\\htdocs\\villa\\vendor\\symfony\\console\\Application.php(865): Illuminate\\Console\\Command->run(Object(Symfony\\Component\\Console\\Input\\ArgvInput), Object(Symfony\\Component\\Console\\Output\\ConsoleOutput))
#20 C:\\xampp\\htdocs\\villa\\vendor\\symfony\\console\\Application.php(241): Symfony\\Component\\Console\\Application->doRunCommand(Object(Illuminate\\Database\\Console\\Migrations\\MigrateCommand), Object(Symfony\\Component\\Console\\Input\\ArgvInput), Object(Symfony\\Component\\Console\\Output\\ConsoleOutput))
#21 C:\\xampp\\htdocs\\villa\\vendor\\symfony\\console\\Application.php(143): Symfony\\Component\\Console\\Application->doRun(Object(Symfony\\Component\\Console\\Input\\ArgvInput), Object(Symfony\\Component\\Console\\Output\\ConsoleOutput))
#22 C:\\xampp\\htdocs\\villa\\vendor\\laravel\\framework\\src\\Illuminate\\Console\\Application.php(88): Symfony\\Component\\Console\\Application->run(Object(Symfony\\Component\\Console\\Input\\ArgvInput), Object(Symfony\\Component\\Console\\Output\\ConsoleOutput))
#23 C:\\xampp\\htdocs\\villa\\vendor\\laravel\\framework\\src\\Illuminate\\Foundation\\Console\\Kernel.php(122): Illuminate\\Console\\Application->run(Object(Symfony\\Component\\Console\\Input\\ArgvInput), Object(Symfony\\Component\\Console\\Output\\ConsoleOutput))
#24 C:\\xampp\\htdocs\\villa\\artisan(37): Illuminate\\Foundation\\Console\\Kernel->handle(Object(Symfony\\Component\\Console\\Input\\ArgvInput), Object(Symfony\\Component\\Console\\Output\\ConsoleOutput))
#25 {main}
"} 
[2018-03-16 11:26:50] local.ERROR: SQLSTATE[42000]: Syntax error or access violation: 1064 You have an error in your SQL syntax; check the manual that corresponds to your MariaDB server version for the right syntax to use near 'set_null on update cascade' at line 1 (SQL: alter table `configuration` add constraint `configuration_updated_by_foreign` foreign key (`updated_by`) references `admin_users` (`id`) on delete set_null on update cascade) {"exception":"[object] (Illuminate\\Database\\QueryException(code: 42000): SQLSTATE[42000]: Syntax error or access violation: 1064 You have an error in your SQL syntax; check the manual that corresponds to your MariaDB server version for the right syntax to use near 'set_null on update cascade' at line 1 (SQL: alter table `configuration` add constraint `configuration_updated_by_foreign` foreign key (`updated_by`) references `admin_users` (`id`) on delete set_null on update cascade) at C:\\xampp\\htdocs\\villa\\vendor\\laravel\\framework\\src\\Illuminate\\Database\\Connection.php:664, PDOException(code: 42000): SQLSTATE[42000]: Syntax error or access violation: 1064 You have an error in your SQL syntax; check the manual that corresponds to your MariaDB server version for the right syntax to use near 'set_null on update cascade' at line 1 at C:\\xampp\\htdocs\\villa\\vendor\\laravel\\framework\\src\\Illuminate\\Database\\Connection.php:452)
[stacktrace]
#0 C:\\xampp\\htdocs\\villa\\vendor\\laravel\\framework\\src\\Illuminate\\Database\\Connection.php(624): Illuminate\\Database\\Connection->runQueryCallback('alter table `co...', Array, Object(Closure))
#1 C:\\xampp\\htdocs\\villa\\vendor\\laravel\\framework\\src\\Illuminate\\Database\\Connection.php(459): Illuminate\\Database\\Connection->run('alter table `co...', Array, Object(Closure))
#2 C:\\xampp\\htdocs\\villa\\vendor\\laravel\\framework\\src\\Illuminate\\Database\\Schema\\Blueprint.php(88): Illuminate\\Database\\Connection->statement('alter table `co...')
#3 C:\\xampp\\htdocs\\villa\\vendor\\laravel\\framework\\src\\Illuminate\\Database\\Schema\\Builder.php(252): Illuminate\\Database\\Schema\\Blueprint->build(Object(Illuminate\\Database\\MySqlConnection), Object(Illuminate\\Database\\Schema\\Grammars\\MySqlGrammar))
#4 C:\\xampp\\htdocs\\villa\\vendor\\laravel\\framework\\src\\Illuminate\\Database\\Schema\\Builder.php(165): Illuminate\\Database\\Schema\\Builder->build(Object(Illuminate\\Database\\Schema\\Blueprint))
#5 C:\\xampp\\htdocs\\villa\\vendor\\laravel\\framework\\src\\Illuminate\\Support\\Facades\\Facade.php(221): Illuminate\\Database\\Schema\\Builder->create('configuration', Object(Closure))
#6 C:\\xampp\\htdocs\\villa\\database\\migrations\\2018_03_16_102251_create_configuration.php(25): Illuminate\\Support\\Facades\\Facade::__callStatic('create', Array)
#7 C:\\xampp\\htdocs\\villa\\vendor\\laravel\\framework\\src\\Illuminate\\Database\\Migrations\\Migrator.php(359): CreateConfiguration->up()
#8 C:\\xampp\\htdocs\\villa\\vendor\\laravel\\framework\\src\\Illuminate\\Database\\Migrations\\Migrator.php(366): Illuminate\\Database\\Migrations\\Migrator->Illuminate\\Database\\Migrations\\{closure}()
#9 C:\\xampp\\htdocs\\villa\\vendor\\laravel\\framework\\src\\Illuminate\\Database\\Migrations\\Migrator.php(177): Illuminate\\Database\\Migrations\\Migrator->runMigration(Object(CreateConfiguration), 'up')
#10 C:\\xampp\\htdocs\\villa\\vendor\\laravel\\framework\\src\\Illuminate\\Database\\Migrations\\Migrator.php(146): Illuminate\\Database\\Migrations\\Migrator->runUp('C:\\\\xampp\\\\htdocs...', 1, false)
#11 C:\\xampp\\htdocs\\villa\\vendor\\laravel\\framework\\src\\Illuminate\\Database\\Migrations\\Migrator.php(95): Illuminate\\Database\\Migrations\\Migrator->runPending(Array, Array)
#12 C:\\xampp\\htdocs\\villa\\vendor\\laravel\\framework\\src\\Illuminate\\Database\\Console\\Migrations\\MigrateCommand.php(70): Illuminate\\Database\\Migrations\\Migrator->run(Array, Array)
#13 [internal function]: Illuminate\\Database\\Console\\Migrations\\MigrateCommand->handle()
#14 C:\\xampp\\htdocs\\villa\\vendor\\laravel\\framework\\src\\Illuminate\\Container\\BoundMethod.php(29): call_user_func_array(Array, Array)
#15 C:\\xampp\\htdocs\\villa\\vendor\\laravel\\framework\\src\\Illuminate\\Container\\BoundMethod.php(87): Illuminate\\Container\\BoundMethod::Illuminate\\Container\\{closure}()
#16 C:\\xampp\\htdocs\\villa\\vendor\\laravel\\framework\\src\\Illuminate\\Container\\BoundMethod.php(31): Illuminate\\Container\\BoundMethod::callBoundMethod(Object(Illuminate\\Foundation\\Application), Array, Object(Closure))
#17 C:\\xampp\\htdocs\\villa\\vendor\\laravel\\framework\\src\\Illuminate\\Container\\Container.php(564): Illuminate\\Container\\BoundMethod::call(Object(Illuminate\\Foundation\\Application), Array, Array, NULL)
#18 C:\\xampp\\htdocs\\villa\\vendor\\laravel\\framework\\src\\Illuminate\\Console\\Command.php(183): Illuminate\\Container\\Container->call(Array)
#19 C:\\xampp\\htdocs\\villa\\vendor\\symfony\\console\\Command\\Command.php(252): Illuminate\\Console\\Command->execute(Object(Symfony\\Component\\Console\\Input\\ArgvInput), Object(Illuminate\\Console\\OutputStyle))
#20 C:\\xampp\\htdocs\\villa\\vendor\\laravel\\framework\\src\\Illuminate\\Console\\Command.php(170): Symfony\\Component\\Console\\Command\\Command->run(Object(Symfony\\Component\\Console\\Input\\ArgvInput), Object(Illuminate\\Console\\OutputStyle))
#21 C:\\xampp\\htdocs\\villa\\vendor\\symfony\\console\\Application.php(865): Illuminate\\Console\\Command->run(Object(Symfony\\Component\\Console\\Input\\ArgvInput), Object(Symfony\\Component\\Console\\Output\\ConsoleOutput))
#22 C:\\xampp\\htdocs\\villa\\vendor\\symfony\\console\\Application.php(241): Symfony\\Component\\Console\\Application->doRunCommand(Object(Illuminate\\Database\\Console\\Migrations\\MigrateCommand), Object(Symfony\\Component\\Console\\Input\\ArgvInput), Object(Symfony\\Component\\Console\\Output\\ConsoleOutput))
#23 C:\\xampp\\htdocs\\villa\\vendor\\symfony\\console\\Application.php(143): Symfony\\Component\\Console\\Application->doRun(Object(Symfony\\Component\\Console\\Input\\ArgvInput), Object(Symfony\\Component\\Console\\Output\\ConsoleOutput))
#24 C:\\xampp\\htdocs\\villa\\vendor\\laravel\\framework\\src\\Illuminate\\Console\\Application.php(88): Symfony\\Component\\Console\\Application->run(Object(Symfony\\Component\\Console\\Input\\ArgvInput), Object(Symfony\\Component\\Console\\Output\\ConsoleOutput))
#25 C:\\xampp\\htdocs\\villa\\vendor\\laravel\\framework\\src\\Illuminate\\Foundation\\Console\\Kernel.php(122): Illuminate\\Console\\Application->run(Object(Symfony\\Component\\Console\\Input\\ArgvInput), Object(Symfony\\Component\\Console\\Output\\ConsoleOutput))
#26 C:\\xampp\\htdocs\\villa\\artisan(37): Illuminate\\Foundation\\Console\\Kernel->handle(Object(Symfony\\Component\\Console\\Input\\ArgvInput), Object(Symfony\\Component\\Console\\Output\\ConsoleOutput))
#27 {main}
"} 
<<<<<<< HEAD
[2018-03-16 22:42:58] local.ERROR: Too many arguments, expected arguments "command". {"exception":"[object] (Symfony\\Component\\Console\\Exception\\RuntimeException(code: 0): Too many arguments, expected arguments \"command\". at C:\\xampp\\htdocs\\villa\\villa\\vendor\\symfony\\console\\Input\\ArgvInput.php:182)
[stacktrace]
#0 C:\\xampp\\htdocs\\villa\\villa\\vendor\\symfony\\console\\Input\\ArgvInput.php(86): Symfony\\Component\\Console\\Input\\ArgvInput->parseArgument('reset')
#1 C:\\xampp\\htdocs\\villa\\villa\\vendor\\symfony\\console\\Input\\Input.php(55): Symfony\\Component\\Console\\Input\\ArgvInput->parse()
#2 C:\\xampp\\htdocs\\villa\\villa\\vendor\\symfony\\console\\Command\\Command.php(210): Symfony\\Component\\Console\\Input\\Input->bind(Object(Symfony\\Component\\Console\\Input\\InputDefinition))
#3 C:\\xampp\\htdocs\\villa\\villa\\vendor\\laravel\\framework\\src\\Illuminate\\Console\\Command.php(170): Symfony\\Component\\Console\\Command\\Command->run(Object(Symfony\\Component\\Console\\Input\\ArgvInput), Object(Illuminate\\Console\\OutputStyle))
#4 C:\\xampp\\htdocs\\villa\\villa\\vendor\\symfony\\console\\Application.php(865): Illuminate\\Console\\Command->run(Object(Symfony\\Component\\Console\\Input\\ArgvInput), Object(Symfony\\Component\\Console\\Output\\ConsoleOutput))
#5 C:\\xampp\\htdocs\\villa\\villa\\vendor\\symfony\\console\\Application.php(241): Symfony\\Component\\Console\\Application->doRunCommand(Object(Illuminate\\Database\\Console\\Migrations\\MigrateCommand), Object(Symfony\\Component\\Console\\Input\\ArgvInput), Object(Symfony\\Component\\Console\\Output\\ConsoleOutput))
#6 C:\\xampp\\htdocs\\villa\\villa\\vendor\\symfony\\console\\Application.php(143): Symfony\\Component\\Console\\Application->doRun(Object(Symfony\\Component\\Console\\Input\\ArgvInput), Object(Symfony\\Component\\Console\\Output\\ConsoleOutput))
#7 C:\\xampp\\htdocs\\villa\\villa\\vendor\\laravel\\framework\\src\\Illuminate\\Console\\Application.php(88): Symfony\\Component\\Console\\Application->run(Object(Symfony\\Component\\Console\\Input\\ArgvInput), Object(Symfony\\Component\\Console\\Output\\ConsoleOutput))
#8 C:\\xampp\\htdocs\\villa\\villa\\vendor\\laravel\\framework\\src\\Illuminate\\Foundation\\Console\\Kernel.php(122): Illuminate\\Console\\Application->run(Object(Symfony\\Component\\Console\\Input\\ArgvInput), Object(Symfony\\Component\\Console\\Output\\ConsoleOutput))
#9 C:\\xampp\\htdocs\\villa\\villa\\artisan(37): Illuminate\\Foundation\\Console\\Kernel->handle(Object(Symfony\\Component\\Console\\Input\\ArgvInput), Object(Symfony\\Component\\Console\\Output\\ConsoleOutput))
#10 {main}
=======
[2018-03-16 22:32:48] local.ERROR: SQLSTATE[42S21]: Column already exists: 1060 Duplicate column name 'renter_user_id' (SQL: create table `user_renter_user_scores` (`id` int unsigned not null auto_increment primary key, `renter_user_id` int unsigned not null, `renter_user_id` int unsigned not null, `score_value` smallint not null, `created_at` timestamp null, `updated_at` timestamp null) default character set utf8mb4 collate utf8mb4_unicode_ci) {"exception":"[object] (Illuminate\\Database\\QueryException(code: 42S21): SQLSTATE[42S21]: Column already exists: 1060 Duplicate column name 'renter_user_id' (SQL: create table `user_renter_user_scores` (`id` int unsigned not null auto_increment primary key, `renter_user_id` int unsigned not null, `renter_user_id` int unsigned not null, `score_value` smallint not null, `created_at` timestamp null, `updated_at` timestamp null) default character set utf8mb4 collate utf8mb4_unicode_ci) at C:\\xampp\\htdocs\\villa\\vendor\\laravel\\framework\\src\\Illuminate\\Database\\Connection.php:664, PDOException(code: 42S21): SQLSTATE[42S21]: Column already exists: 1060 Duplicate column name 'renter_user_id' at C:\\xampp\\htdocs\\villa\\vendor\\laravel\\framework\\src\\Illuminate\\Database\\Connection.php:458)
[stacktrace]
#0 C:\\xampp\\htdocs\\villa\\vendor\\laravel\\framework\\src\\Illuminate\\Database\\Connection.php(624): Illuminate\\Database\\Connection->runQueryCallback('create table `u...', Array, Object(Closure))
#1 C:\\xampp\\htdocs\\villa\\vendor\\laravel\\framework\\src\\Illuminate\\Database\\Connection.php(459): Illuminate\\Database\\Connection->run('create table `u...', Array, Object(Closure))
#2 C:\\xampp\\htdocs\\villa\\vendor\\laravel\\framework\\src\\Illuminate\\Database\\Schema\\Blueprint.php(88): Illuminate\\Database\\Connection->statement('create table `u...')
#3 C:\\xampp\\htdocs\\villa\\vendor\\laravel\\framework\\src\\Illuminate\\Database\\Schema\\Builder.php(252): Illuminate\\Database\\Schema\\Blueprint->build(Object(Illuminate\\Database\\MySqlConnection), Object(Illuminate\\Database\\Schema\\Grammars\\MySqlGrammar))
#4 C:\\xampp\\htdocs\\villa\\vendor\\laravel\\framework\\src\\Illuminate\\Database\\Schema\\Builder.php(165): Illuminate\\Database\\Schema\\Builder->build(Object(Illuminate\\Database\\Schema\\Blueprint))
#5 C:\\xampp\\htdocs\\villa\\vendor\\laravel\\framework\\src\\Illuminate\\Support\\Facades\\Facade.php(221): Illuminate\\Database\\Schema\\Builder->create('user_renter_use...', Object(Closure))
#6 C:\\xampp\\htdocs\\villa\\database\\migrations\\2018_03_16_101301_create_user_renter_user_scores.php(24): Illuminate\\Support\\Facades\\Facade::__callStatic('create', Array)
#7 C:\\xampp\\htdocs\\villa\\vendor\\laravel\\framework\\src\\Illuminate\\Database\\Migrations\\Migrator.php(359): CreateUserRenterUserScores->up()
#8 C:\\xampp\\htdocs\\villa\\vendor\\laravel\\framework\\src\\Illuminate\\Database\\Migrations\\Migrator.php(366): Illuminate\\Database\\Migrations\\Migrator->Illuminate\\Database\\Migrations\\{closure}()
#9 C:\\xampp\\htdocs\\villa\\vendor\\laravel\\framework\\src\\Illuminate\\Database\\Migrations\\Migrator.php(177): Illuminate\\Database\\Migrations\\Migrator->runMigration(Object(CreateUserRenterUserScores), 'up')
#10 C:\\xampp\\htdocs\\villa\\vendor\\laravel\\framework\\src\\Illuminate\\Database\\Migrations\\Migrator.php(146): Illuminate\\Database\\Migrations\\Migrator->runUp('C:\\\\xampp\\\\htdocs...', 1, false)
#11 C:\\xampp\\htdocs\\villa\\vendor\\laravel\\framework\\src\\Illuminate\\Database\\Migrations\\Migrator.php(95): Illuminate\\Database\\Migrations\\Migrator->runPending(Array, Array)
#12 C:\\xampp\\htdocs\\villa\\vendor\\laravel\\framework\\src\\Illuminate\\Database\\Console\\Migrations\\MigrateCommand.php(70): Illuminate\\Database\\Migrations\\Migrator->run(Array, Array)
#13 [internal function]: Illuminate\\Database\\Console\\Migrations\\MigrateCommand->handle()
#14 C:\\xampp\\htdocs\\villa\\vendor\\laravel\\framework\\src\\Illuminate\\Container\\BoundMethod.php(29): call_user_func_array(Array, Array)
#15 C:\\xampp\\htdocs\\villa\\vendor\\laravel\\framework\\src\\Illuminate\\Container\\BoundMethod.php(87): Illuminate\\Container\\BoundMethod::Illuminate\\Container\\{closure}()
#16 C:\\xampp\\htdocs\\villa\\vendor\\laravel\\framework\\src\\Illuminate\\Container\\BoundMethod.php(31): Illuminate\\Container\\BoundMethod::callBoundMethod(Object(Illuminate\\Foundation\\Application), Array, Object(Closure))
#17 C:\\xampp\\htdocs\\villa\\vendor\\laravel\\framework\\src\\Illuminate\\Container\\Container.php(564): Illuminate\\Container\\BoundMethod::call(Object(Illuminate\\Foundation\\Application), Array, Array, NULL)
#18 C:\\xampp\\htdocs\\villa\\vendor\\laravel\\framework\\src\\Illuminate\\Console\\Command.php(183): Illuminate\\Container\\Container->call(Array)
#19 C:\\xampp\\htdocs\\villa\\vendor\\symfony\\console\\Command\\Command.php(252): Illuminate\\Console\\Command->execute(Object(Symfony\\Component\\Console\\Input\\ArgvInput), Object(Illuminate\\Console\\OutputStyle))
#20 C:\\xampp\\htdocs\\villa\\vendor\\laravel\\framework\\src\\Illuminate\\Console\\Command.php(170): Symfony\\Component\\Console\\Command\\Command->run(Object(Symfony\\Component\\Console\\Input\\ArgvInput), Object(Illuminate\\Console\\OutputStyle))
#21 C:\\xampp\\htdocs\\villa\\vendor\\symfony\\console\\Application.php(865): Illuminate\\Console\\Command->run(Object(Symfony\\Component\\Console\\Input\\ArgvInput), Object(Symfony\\Component\\Console\\Output\\ConsoleOutput))
#22 C:\\xampp\\htdocs\\villa\\vendor\\symfony\\console\\Application.php(241): Symfony\\Component\\Console\\Application->doRunCommand(Object(Illuminate\\Database\\Console\\Migrations\\MigrateCommand), Object(Symfony\\Component\\Console\\Input\\ArgvInput), Object(Symfony\\Component\\Console\\Output\\ConsoleOutput))
#23 C:\\xampp\\htdocs\\villa\\vendor\\symfony\\console\\Application.php(143): Symfony\\Component\\Console\\Application->doRun(Object(Symfony\\Component\\Console\\Input\\ArgvInput), Object(Symfony\\Component\\Console\\Output\\ConsoleOutput))
#24 C:\\xampp\\htdocs\\villa\\vendor\\laravel\\framework\\src\\Illuminate\\Console\\Application.php(88): Symfony\\Component\\Console\\Application->run(Object(Symfony\\Component\\Console\\Input\\ArgvInput), Object(Symfony\\Component\\Console\\Output\\ConsoleOutput))
#25 C:\\xampp\\htdocs\\villa\\vendor\\laravel\\framework\\src\\Illuminate\\Foundation\\Console\\Kernel.php(122): Illuminate\\Console\\Application->run(Object(Symfony\\Component\\Console\\Input\\ArgvInput), Object(Symfony\\Component\\Console\\Output\\ConsoleOutput))
#26 C:\\xampp\\htdocs\\villa\\artisan(37): Illuminate\\Foundation\\Console\\Kernel->handle(Object(Symfony\\Component\\Console\\Input\\ArgvInput), Object(Symfony\\Component\\Console\\Output\\ConsoleOutput))
#27 {main}
"} 
[2018-03-16 22:34:15] local.ERROR: SQLSTATE[42S21]: Column already exists: 1060 Duplicate column name 'renter_user_id' (SQL: create table `user_renter_user_scores` (`id` int unsigned not null auto_increment primary key, `renter_user_id` int unsigned not null, `renter_user_id` int unsigned not null, `score_value` smallint not null, `created_at` timestamp null, `updated_at` timestamp null) default character set utf8mb4 collate utf8mb4_unicode_ci) {"exception":"[object] (Illuminate\\Database\\QueryException(code: 42S21): SQLSTATE[42S21]: Column already exists: 1060 Duplicate column name 'renter_user_id' (SQL: create table `user_renter_user_scores` (`id` int unsigned not null auto_increment primary key, `renter_user_id` int unsigned not null, `renter_user_id` int unsigned not null, `score_value` smallint not null, `created_at` timestamp null, `updated_at` timestamp null) default character set utf8mb4 collate utf8mb4_unicode_ci) at C:\\xampp\\htdocs\\villa\\vendor\\laravel\\framework\\src\\Illuminate\\Database\\Connection.php:664, PDOException(code: 42S21): SQLSTATE[42S21]: Column already exists: 1060 Duplicate column name 'renter_user_id' at C:\\xampp\\htdocs\\villa\\vendor\\laravel\\framework\\src\\Illuminate\\Database\\Connection.php:458)
[stacktrace]
#0 C:\\xampp\\htdocs\\villa\\vendor\\laravel\\framework\\src\\Illuminate\\Database\\Connection.php(624): Illuminate\\Database\\Connection->runQueryCallback('create table `u...', Array, Object(Closure))
#1 C:\\xampp\\htdocs\\villa\\vendor\\laravel\\framework\\src\\Illuminate\\Database\\Connection.php(459): Illuminate\\Database\\Connection->run('create table `u...', Array, Object(Closure))
#2 C:\\xampp\\htdocs\\villa\\vendor\\laravel\\framework\\src\\Illuminate\\Database\\Schema\\Blueprint.php(88): Illuminate\\Database\\Connection->statement('create table `u...')
#3 C:\\xampp\\htdocs\\villa\\vendor\\laravel\\framework\\src\\Illuminate\\Database\\Schema\\Builder.php(252): Illuminate\\Database\\Schema\\Blueprint->build(Object(Illuminate\\Database\\MySqlConnection), Object(Illuminate\\Database\\Schema\\Grammars\\MySqlGrammar))
#4 C:\\xampp\\htdocs\\villa\\vendor\\laravel\\framework\\src\\Illuminate\\Database\\Schema\\Builder.php(165): Illuminate\\Database\\Schema\\Builder->build(Object(Illuminate\\Database\\Schema\\Blueprint))
#5 C:\\xampp\\htdocs\\villa\\vendor\\laravel\\framework\\src\\Illuminate\\Support\\Facades\\Facade.php(221): Illuminate\\Database\\Schema\\Builder->create('user_renter_use...', Object(Closure))
#6 C:\\xampp\\htdocs\\villa\\database\\migrations\\2018_03_16_101301_create_user_renter_user_scores.php(24): Illuminate\\Support\\Facades\\Facade::__callStatic('create', Array)
#7 C:\\xampp\\htdocs\\villa\\vendor\\laravel\\framework\\src\\Illuminate\\Database\\Migrations\\Migrator.php(359): CreateUserRenterUserScores->up()
#8 C:\\xampp\\htdocs\\villa\\vendor\\laravel\\framework\\src\\Illuminate\\Database\\Migrations\\Migrator.php(366): Illuminate\\Database\\Migrations\\Migrator->Illuminate\\Database\\Migrations\\{closure}()
#9 C:\\xampp\\htdocs\\villa\\vendor\\laravel\\framework\\src\\Illuminate\\Database\\Migrations\\Migrator.php(177): Illuminate\\Database\\Migrations\\Migrator->runMigration(Object(CreateUserRenterUserScores), 'up')
#10 C:\\xampp\\htdocs\\villa\\vendor\\laravel\\framework\\src\\Illuminate\\Database\\Migrations\\Migrator.php(146): Illuminate\\Database\\Migrations\\Migrator->runUp('C:\\\\xampp\\\\htdocs...', 1, false)
#11 C:\\xampp\\htdocs\\villa\\vendor\\laravel\\framework\\src\\Illuminate\\Database\\Migrations\\Migrator.php(95): Illuminate\\Database\\Migrations\\Migrator->runPending(Array, Array)
#12 C:\\xampp\\htdocs\\villa\\vendor\\laravel\\framework\\src\\Illuminate\\Database\\Console\\Migrations\\MigrateCommand.php(70): Illuminate\\Database\\Migrations\\Migrator->run(Array, Array)
#13 [internal function]: Illuminate\\Database\\Console\\Migrations\\MigrateCommand->handle()
#14 C:\\xampp\\htdocs\\villa\\vendor\\laravel\\framework\\src\\Illuminate\\Container\\BoundMethod.php(29): call_user_func_array(Array, Array)
#15 C:\\xampp\\htdocs\\villa\\vendor\\laravel\\framework\\src\\Illuminate\\Container\\BoundMethod.php(87): Illuminate\\Container\\BoundMethod::Illuminate\\Container\\{closure}()
#16 C:\\xampp\\htdocs\\villa\\vendor\\laravel\\framework\\src\\Illuminate\\Container\\BoundMethod.php(31): Illuminate\\Container\\BoundMethod::callBoundMethod(Object(Illuminate\\Foundation\\Application), Array, Object(Closure))
#17 C:\\xampp\\htdocs\\villa\\vendor\\laravel\\framework\\src\\Illuminate\\Container\\Container.php(564): Illuminate\\Container\\BoundMethod::call(Object(Illuminate\\Foundation\\Application), Array, Array, NULL)
#18 C:\\xampp\\htdocs\\villa\\vendor\\laravel\\framework\\src\\Illuminate\\Console\\Command.php(183): Illuminate\\Container\\Container->call(Array)
#19 C:\\xampp\\htdocs\\villa\\vendor\\symfony\\console\\Command\\Command.php(252): Illuminate\\Console\\Command->execute(Object(Symfony\\Component\\Console\\Input\\ArgvInput), Object(Illuminate\\Console\\OutputStyle))
#20 C:\\xampp\\htdocs\\villa\\vendor\\laravel\\framework\\src\\Illuminate\\Console\\Command.php(170): Symfony\\Component\\Console\\Command\\Command->run(Object(Symfony\\Component\\Console\\Input\\ArgvInput), Object(Illuminate\\Console\\OutputStyle))
#21 C:\\xampp\\htdocs\\villa\\vendor\\symfony\\console\\Application.php(865): Illuminate\\Console\\Command->run(Object(Symfony\\Component\\Console\\Input\\ArgvInput), Object(Symfony\\Component\\Console\\Output\\ConsoleOutput))
#22 C:\\xampp\\htdocs\\villa\\vendor\\symfony\\console\\Application.php(241): Symfony\\Component\\Console\\Application->doRunCommand(Object(Illuminate\\Database\\Console\\Migrations\\MigrateCommand), Object(Symfony\\Component\\Console\\Input\\ArgvInput), Object(Symfony\\Component\\Console\\Output\\ConsoleOutput))
#23 C:\\xampp\\htdocs\\villa\\vendor\\symfony\\console\\Application.php(143): Symfony\\Component\\Console\\Application->doRun(Object(Symfony\\Component\\Console\\Input\\ArgvInput), Object(Symfony\\Component\\Console\\Output\\ConsoleOutput))
#24 C:\\xampp\\htdocs\\villa\\vendor\\laravel\\framework\\src\\Illuminate\\Console\\Application.php(88): Symfony\\Component\\Console\\Application->run(Object(Symfony\\Component\\Console\\Input\\ArgvInput), Object(Symfony\\Component\\Console\\Output\\ConsoleOutput))
#25 C:\\xampp\\htdocs\\villa\\vendor\\laravel\\framework\\src\\Illuminate\\Foundation\\Console\\Kernel.php(122): Illuminate\\Console\\Application->run(Object(Symfony\\Component\\Console\\Input\\ArgvInput), Object(Symfony\\Component\\Console\\Output\\ConsoleOutput))
#26 C:\\xampp\\htdocs\\villa\\artisan(37): Illuminate\\Foundation\\Console\\Kernel->handle(Object(Symfony\\Component\\Console\\Input\\ArgvInput), Object(Symfony\\Component\\Console\\Output\\ConsoleOutput))
#27 {main}
>>>>>>> 5e47b7e528ff275ddef027d0d414c83867d8197c
"} 
[2018-03-17 16:45:51] local.ERROR: SQLSTATE[42S22]: Column not found: 1054 Unknown column 'phone' in 'where clause' (SQL: select * from `renter_users` where `phone` = 12345678912 and `user_status` = 1 limit 1) {"exception":"[object] (Illuminate\\Database\\QueryException(code: 42S22): SQLSTATE[42S22]: Column not found: 1054 Unknown column 'phone' in 'where clause' (SQL: select * from `renter_users` where `phone` = 12345678912 and `user_status` = 1 limit 1) at C:\\xampp\\htdocs\\villa\\villa\\vendor\\laravel\\framework\\src\\Illuminate\\Database\\Connection.php:664, PDOException(code: 42S22): SQLSTATE[42S22]: Column not found: 1054 Unknown column 'phone' in 'where clause' at C:\\xampp\\htdocs\\villa\\villa\\vendor\\laravel\\framework\\src\\Illuminate\\Database\\Connection.php:326)
[stacktrace]
#0 C:\\xampp\\htdocs\\villa\\villa\\vendor\\laravel\\framework\\src\\Illuminate\\Database\\Connection.php(624): Illuminate\\Database\\Connection->runQueryCallback('select * from `...', Array, Object(Closure))
#1 C:\\xampp\\htdocs\\villa\\villa\\vendor\\laravel\\framework\\src\\Illuminate\\Database\\Connection.php(333): Illuminate\\Database\\Connection->run('select * from `...', Array, Object(Closure))
#2 C:\\xampp\\htdocs\\villa\\villa\\vendor\\laravel\\framework\\src\\Illuminate\\Database\\Query\\Builder.php(1854): Illuminate\\Database\\Connection->select('select * from `...', Array, true)
#3 C:\\xampp\\htdocs\\villa\\villa\\vendor\\laravel\\framework\\src\\Illuminate\\Database\\Query\\Builder.php(1839): Illuminate\\Database\\Query\\Builder->runSelect()
#4 C:\\xampp\\htdocs\\villa\\villa\\vendor\\laravel\\framework\\src\\Illuminate\\Database\\Eloquent\\Builder.php(483): Illuminate\\Database\\Query\\Builder->get(Array)
#5 C:\\xampp\\htdocs\\villa\\villa\\vendor\\laravel\\framework\\src\\Illuminate\\Database\\Eloquent\\Builder.php(467): Illuminate\\Database\\Eloquent\\Builder->getModels(Array)
#6 C:\\xampp\\htdocs\\villa\\villa\\vendor\\laravel\\framework\\src\\Illuminate\\Database\\Concerns\\BuildsQueries.php(77): Illuminate\\Database\\Eloquent\\Builder->get(Array)
#7 C:\\xampp\\htdocs\\villa\\villa\\vendor\\laravel\\framework\\src\\Illuminate\\Auth\\EloquentUserProvider.php(121): Illuminate\\Database\\Eloquent\\Builder->first()
#8 C:\\xampp\\htdocs\\villa\\villa\\vendor\\laravel\\framework\\src\\Illuminate\\Auth\\SessionGuard.php(351): Illuminate\\Auth\\EloquentUserProvider->retrieveByCredentials(Array)
#9 C:\\xampp\\htdocs\\villa\\villa\\app\\Http\\Controllers\\users\\auth\\AuthController.php(53): Illuminate\\Auth\\SessionGuard->attempt(Array)
#10 [internal function]: App\\Http\\Controllers\\users\\auth\\AuthController->Login(Object(Illuminate\\Http\\Request))
#11 C:\\xampp\\htdocs\\villa\\villa\\vendor\\laravel\\framework\\src\\Illuminate\\Routing\\Controller.php(54): call_user_func_array(Array, Array)
#12 C:\\xampp\\htdocs\\villa\\villa\\vendor\\laravel\\framework\\src\\Illuminate\\Routing\\ControllerDispatcher.php(45): Illuminate\\Routing\\Controller->callAction('Login', Array)
#13 C:\\xampp\\htdocs\\villa\\villa\\vendor\\laravel\\framework\\src\\Illuminate\\Routing\\Route.php(212): Illuminate\\Routing\\ControllerDispatcher->dispatch(Object(Illuminate\\Routing\\Route), Object(App\\Http\\Controllers\\users\\auth\\AuthController), 'Login')
#14 C:\\xampp\\htdocs\\villa\\villa\\vendor\\laravel\\framework\\src\\Illuminate\\Routing\\Route.php(169): Illuminate\\Routing\\Route->runController()
#15 C:\\xampp\\htdocs\\villa\\villa\\vendor\\laravel\\framework\\src\\Illuminate\\Routing\\Router.php(659): Illuminate\\Routing\\Route->run()
#16 C:\\xampp\\htdocs\\villa\\villa\\vendor\\laravel\\framework\\src\\Illuminate\\Routing\\Pipeline.php(30): Illuminate\\Routing\\Router->Illuminate\\Routing\\{closure}(Object(Illuminate\\Http\\Request))
#17 C:\\xampp\\htdocs\\villa\\villa\\app\\Http\\Middleware\\RedirectIfAuthenticated.php(28): Illuminate\\Routing\\Pipeline->Illuminate\\Routing\\{closure}(Object(Illuminate\\Http\\Request))
#18 C:\\xampp\\htdocs\\villa\\villa\\vendor\\laravel\\framework\\src\\Illuminate\\Pipeline\\Pipeline.php(149): App\\Http\\Middleware\\RedirectIfAuthenticated->handle(Object(Illuminate\\Http\\Request), Object(Closure), 'user')
#19 C:\\xampp\\htdocs\\villa\\villa\\vendor\\laravel\\framework\\src\\Illuminate\\Routing\\Pipeline.php(53): Illuminate\\Pipeline\\Pipeline->Illuminate\\Pipeline\\{closure}(Object(Illuminate\\Http\\Request))
#20 C:\\xampp\\htdocs\\villa\\villa\\vendor\\laravel\\framework\\src\\Illuminate\\Routing\\Middleware\\SubstituteBindings.php(41): Illuminate\\Routing\\Pipeline->Illuminate\\Routing\\{closure}(Object(Illuminate\\Http\\Request))
#21 C:\\xampp\\htdocs\\villa\\villa\\vendor\\laravel\\framework\\src\\Illuminate\\Pipeline\\Pipeline.php(149): Illuminate\\Routing\\Middleware\\SubstituteBindings->handle(Object(Illuminate\\Http\\Request), Object(Closure))
#22 C:\\xampp\\htdocs\\villa\\villa\\vendor\\laravel\\framework\\src\\Illuminate\\Routing\\Pipeline.php(53): Illuminate\\Pipeline\\Pipeline->Illuminate\\Pipeline\\{closure}(Object(Illuminate\\Http\\Request))
#23 C:\\xampp\\htdocs\\villa\\villa\\vendor\\laravel\\framework\\src\\Illuminate\\Foundation\\Http\\Middleware\\VerifyCsrfToken.php(67): Illuminate\\Routing\\Pipeline->Illuminate\\Routing\\{closure}(Object(Illuminate\\Http\\Request))
#24 C:\\xampp\\htdocs\\villa\\villa\\vendor\\laravel\\framework\\src\\Illuminate\\Pipeline\\Pipeline.php(149): Illuminate\\Foundation\\Http\\Middleware\\VerifyCsrfToken->handle(Object(Illuminate\\Http\\Request), Object(Closure))
#25 C:\\xampp\\htdocs\\villa\\villa\\vendor\\laravel\\framework\\src\\Illuminate\\Routing\\Pipeline.php(53): Illuminate\\Pipeline\\Pipeline->Illuminate\\Pipeline\\{closure}(Object(Illuminate\\Http\\Request))
#26 C:\\xampp\\htdocs\\villa\\villa\\vendor\\laravel\\framework\\src\\Illuminate\\View\\Middleware\\ShareErrorsFromSession.php(49): Illuminate\\Routing\\Pipeline->Illuminate\\Routing\\{closure}(Object(Illuminate\\Http\\Request))
#27 C:\\xampp\\htdocs\\villa\\villa\\vendor\\laravel\\framework\\src\\Illuminate\\Pipeline\\Pipeline.php(149): Illuminate\\View\\Middleware\\ShareErrorsFromSession->handle(Object(Illuminate\\Http\\Request), Object(Closure))
#28 C:\\xampp\\htdocs\\villa\\villa\\vendor\\laravel\\framework\\src\\Illuminate\\Routing\\Pipeline.php(53): Illuminate\\Pipeline\\Pipeline->Illuminate\\Pipeline\\{closure}(Object(Illuminate\\Http\\Request))
#29 C:\\xampp\\htdocs\\villa\\villa\\vendor\\laravel\\framework\\src\\Illuminate\\Session\\Middleware\\StartSession.php(63): Illuminate\\Routing\\Pipeline->Illuminate\\Routing\\{closure}(Object(Illuminate\\Http\\Request))
#30 C:\\xampp\\htdocs\\villa\\villa\\vendor\\laravel\\framework\\src\\Illuminate\\Pipeline\\Pipeline.php(149): Illuminate\\Session\\Middleware\\StartSession->handle(Object(Illuminate\\Http\\Request), Object(Closure))
#31 C:\\xampp\\htdocs\\villa\\villa\\vendor\\laravel\\framework\\src\\Illuminate\\Routing\\Pipeline.php(53): Illuminate\\Pipeline\\Pipeline->Illuminate\\Pipeline\\{closure}(Object(Illuminate\\Http\\Request))
#32 C:\\xampp\\htdocs\\villa\\villa\\vendor\\laravel\\framework\\src\\Illuminate\\Cookie\\Middleware\\AddQueuedCookiesToResponse.php(37): Illuminate\\Routing\\Pipeline->Illuminate\\Routing\\{closure}(Object(Illuminate\\Http\\Request))
#33 C:\\xampp\\htdocs\\villa\\villa\\vendor\\laravel\\framework\\src\\Illuminate\\Pipeline\\Pipeline.php(149): Illuminate\\Cookie\\Middleware\\AddQueuedCookiesToResponse->handle(Object(Illuminate\\Http\\Request), Object(Closure))
#34 C:\\xampp\\htdocs\\villa\\villa\\vendor\\laravel\\framework\\src\\Illuminate\\Routing\\Pipeline.php(53): Illuminate\\Pipeline\\Pipeline->Illuminate\\Pipeline\\{closure}(Object(Illuminate\\Http\\Request))
#35 C:\\xampp\\htdocs\\villa\\villa\\vendor\\laravel\\framework\\src\\Illuminate\\Cookie\\Middleware\\EncryptCookies.php(59): Illuminate\\Routing\\Pipeline->Illuminate\\Routing\\{closure}(Object(Illuminate\\Http\\Request))
#36 C:\\xampp\\htdocs\\villa\\villa\\vendor\\laravel\\framework\\src\\Illuminate\\Pipeline\\Pipeline.php(149): Illuminate\\Cookie\\Middleware\\EncryptCookies->handle(Object(Illuminate\\Http\\Request), Object(Closure))
#37 C:\\xampp\\htdocs\\villa\\villa\\vendor\\laravel\\framework\\src\\Illuminate\\Routing\\Pipeline.php(53): Illuminate\\Pipeline\\Pipeline->Illuminate\\Pipeline\\{closure}(Object(Illuminate\\Http\\Request))
#38 C:\\xampp\\htdocs\\villa\\villa\\vendor\\laravel\\framework\\src\\Illuminate\\Pipeline\\Pipeline.php(102): Illuminate\\Routing\\Pipeline->Illuminate\\Routing\\{closure}(Object(Illuminate\\Http\\Request))
#39 C:\\xampp\\htdocs\\villa\\villa\\vendor\\laravel\\framework\\src\\Illuminate\\Routing\\Router.php(661): Illuminate\\Pipeline\\Pipeline->then(Object(Closure))
#40 C:\\xampp\\htdocs\\villa\\villa\\vendor\\laravel\\framework\\src\\Illuminate\\Routing\\Router.php(636): Illuminate\\Routing\\Router->runRouteWithinStack(Object(Illuminate\\Routing\\Route), Object(Illuminate\\Http\\Request))
#41 C:\\xampp\\htdocs\\villa\\villa\\vendor\\laravel\\framework\\src\\Illuminate\\Routing\\Router.php(602): Illuminate\\Routing\\Router->runRoute(Object(Illuminate\\Http\\Request), Object(Illuminate\\Routing\\Route))
#42 C:\\xampp\\htdocs\\villa\\villa\\vendor\\laravel\\framework\\src\\Illuminate\\Routing\\Router.php(591): Illuminate\\Routing\\Router->dispatchToRoute(Object(Illuminate\\Http\\Request))
#43 C:\\xampp\\htdocs\\villa\\villa\\vendor\\laravel\\framework\\src\\Illuminate\\Foundation\\Http\\Kernel.php(176): Illuminate\\Routing\\Router->dispatch(Object(Illuminate\\Http\\Request))
#44 C:\\xampp\\htdocs\\villa\\villa\\vendor\\laravel\\framework\\src\\Illuminate\\Routing\\Pipeline.php(30): Illuminate\\Foundation\\Http\\Kernel->Illuminate\\Foundation\\Http\\{closure}(Object(Illuminate\\Http\\Request))
#45 C:\\xampp\\htdocs\\villa\\villa\\vendor\\fideloper\\proxy\\src\\TrustProxies.php(57): Illuminate\\Routing\\Pipeline->Illuminate\\Routing\\{closure}(Object(Illuminate\\Http\\Request))
#46 C:\\xampp\\htdocs\\villa\\villa\\vendor\\laravel\\framework\\src\\Illuminate\\Pipeline\\Pipeline.php(149): Fideloper\\Proxy\\TrustProxies->handle(Object(Illuminate\\Http\\Request), Object(Closure))
#47 C:\\xampp\\htdocs\\villa\\villa\\vendor\\laravel\\framework\\src\\Illuminate\\Routing\\Pipeline.php(53): Illuminate\\Pipeline\\Pipeline->Illuminate\\Pipeline\\{closure}(Object(Illuminate\\Http\\Request))
#48 C:\\xampp\\htdocs\\villa\\villa\\vendor\\laravel\\framework\\src\\Illuminate\\Foundation\\Http\\Middleware\\TransformsRequest.php(30): Illuminate\\Routing\\Pipeline->Illuminate\\Routing\\{closure}(Object(Illuminate\\Http\\Request))
#49 C:\\xampp\\htdocs\\villa\\villa\\vendor\\laravel\\framework\\src\\Illuminate\\Pipeline\\Pipeline.php(149): Illuminate\\Foundation\\Http\\Middleware\\TransformsRequest->handle(Object(Illuminate\\Http\\Request), Object(Closure))
#50 C:\\xampp\\htdocs\\villa\\villa\\vendor\\laravel\\framework\\src\\Illuminate\\Routing\\Pipeline.php(53): Illuminate\\Pipeline\\Pipeline->Illuminate\\Pipeline\\{closure}(Object(Illuminate\\Http\\Request))
#51 C:\\xampp\\htdocs\\villa\\villa\\vendor\\laravel\\framework\\src\\Illuminate\\Foundation\\Http\\Middleware\\TransformsRequest.php(30): Illuminate\\Routing\\Pipeline->Illuminate\\Routing\\{closure}(Object(Illuminate\\Http\\Request))
#52 C:\\xampp\\htdocs\\villa\\villa\\vendor\\laravel\\framework\\src\\Illuminate\\Pipeline\\Pipeline.php(149): Illuminate\\Foundation\\Http\\Middleware\\TransformsRequest->handle(Object(Illuminate\\Http\\Request), Object(Closure))
#53 C:\\xampp\\htdocs\\villa\\villa\\vendor\\laravel\\framework\\src\\Illuminate\\Routing\\Pipeline.php(53): Illuminate\\Pipeline\\Pipeline->Illuminate\\Pipeline\\{closure}(Object(Illuminate\\Http\\Request))
#54 C:\\xampp\\htdocs\\villa\\villa\\vendor\\laravel\\framework\\src\\Illuminate\\Foundation\\Http\\Middleware\\ValidatePostSize.php(27): Illuminate\\Routing\\Pipeline->Illuminate\\Routing\\{closure}(Object(Illuminate\\Http\\Request))
#55 C:\\xampp\\htdocs\\villa\\villa\\vendor\\laravel\\framework\\src\\Illuminate\\Pipeline\\Pipeline.php(149): Illuminate\\Foundation\\Http\\Middleware\\ValidatePostSize->handle(Object(Illuminate\\Http\\Request), Object(Closure))
#56 C:\\xampp\\htdocs\\villa\\villa\\vendor\\laravel\\framework\\src\\Illuminate\\Routing\\Pipeline.php(53): Illuminate\\Pipeline\\Pipeline->Illuminate\\Pipeline\\{closure}(Object(Illuminate\\Http\\Request))
#57 C:\\xampp\\htdocs\\villa\\villa\\vendor\\laravel\\framework\\src\\Illuminate\\Foundation\\Http\\Middleware\\CheckForMaintenanceMode.php(46): Illuminate\\Routing\\Pipeline->Illuminate\\Routing\\{closure}(Object(Illuminate\\Http\\Request))
#58 C:\\xampp\\htdocs\\villa\\villa\\vendor\\laravel\\framework\\src\\Illuminate\\Pipeline\\Pipeline.php(149): Illuminate\\Foundation\\Http\\Middleware\\CheckForMaintenanceMode->handle(Object(Illuminate\\Http\\Request), Object(Closure))
#59 C:\\xampp\\htdocs\\villa\\villa\\vendor\\laravel\\framework\\src\\Illuminate\\Routing\\Pipeline.php(53): Illuminate\\Pipeline\\Pipeline->Illuminate\\Pipeline\\{closure}(Object(Illuminate\\Http\\Request))
#60 C:\\xampp\\htdocs\\villa\\villa\\vendor\\laravel\\framework\\src\\Illuminate\\Pipeline\\Pipeline.php(102): Illuminate\\Routing\\Pipeline->Illuminate\\Routing\\{closure}(Object(Illuminate\\Http\\Request))
#61 C:\\xampp\\htdocs\\villa\\villa\\vendor\\laravel\\framework\\src\\Illuminate\\Foundation\\Http\\Kernel.php(151): Illuminate\\Pipeline\\Pipeline->then(Object(Closure))
#62 C:\\xampp\\htdocs\\villa\\villa\\vendor\\laravel\\framework\\src\\Illuminate\\Foundation\\Http\\Kernel.php(116): Illuminate\\Foundation\\Http\\Kernel->sendRequestThroughRouter(Object(Illuminate\\Http\\Request))
#63 C:\\xampp\\htdocs\\villa\\villa\\public\\index.php(55): Illuminate\\Foundation\\Http\\Kernel->handle(Object(Illuminate\\Http\\Request))
#64 {main}
"} 
[2018-03-17 17:18:52] local.ERROR: SQLSTATE[HY000]: General error: 1364 Field 'fullname' doesn't have a default value (SQL: insert into `renter_users` (`mobile_number`, `user_status`, `password`, `updated_at`, `created_at`) values (09215177439, 1, 1234, 2018-03-17 17:18:52, 2018-03-17 17:18:52)) {"exception":"[object] (Illuminate\\Database\\QueryException(code: HY000): SQLSTATE[HY000]: General error: 1364 Field 'fullname' doesn't have a default value (SQL: insert into `renter_users` (`mobile_number`, `user_status`, `password`, `updated_at`, `created_at`) values (09215177439, 1, 1234, 2018-03-17 17:18:52, 2018-03-17 17:18:52)) at C:\\xampp\\htdocs\\villa\\villa\\vendor\\laravel\\framework\\src\\Illuminate\\Database\\Connection.php:664, PDOException(code: HY000): SQLSTATE[HY000]: General error: 1364 Field 'fullname' doesn't have a default value at C:\\xampp\\htdocs\\villa\\villa\\vendor\\laravel\\framework\\src\\Illuminate\\Database\\Connection.php:458)
[stacktrace]
#0 C:\\xampp\\htdocs\\villa\\villa\\vendor\\laravel\\framework\\src\\Illuminate\\Database\\Connection.php(624): Illuminate\\Database\\Connection->runQueryCallback('insert into `re...', Array, Object(Closure))
#1 C:\\xampp\\htdocs\\villa\\villa\\vendor\\laravel\\framework\\src\\Illuminate\\Database\\Connection.php(459): Illuminate\\Database\\Connection->run('insert into `re...', Array, Object(Closure))
#2 C:\\xampp\\htdocs\\villa\\villa\\vendor\\laravel\\framework\\src\\Illuminate\\Database\\Connection.php(411): Illuminate\\Database\\Connection->statement('insert into `re...', Array)
#3 C:\\xampp\\htdocs\\villa\\villa\\vendor\\laravel\\framework\\src\\Illuminate\\Database\\Query\\Processors\\Processor.php(32): Illuminate\\Database\\Connection->insert('insert into `re...', Array)
#4 C:\\xampp\\htdocs\\villa\\villa\\vendor\\laravel\\framework\\src\\Illuminate\\Database\\Query\\Builder.php(2294): Illuminate\\Database\\Query\\Processors\\Processor->processInsertGetId(Object(Illuminate\\Database\\Query\\Builder), 'insert into `re...', Array, 'id')
#5 C:\\xampp\\htdocs\\villa\\villa\\vendor\\laravel\\framework\\src\\Illuminate\\Database\\Eloquent\\Builder.php(1285): Illuminate\\Database\\Query\\Builder->insertGetId(Array, 'id')
#6 C:\\xampp\\htdocs\\villa\\villa\\vendor\\laravel\\framework\\src\\Illuminate\\Database\\Eloquent\\Model.php(726): Illuminate\\Database\\Eloquent\\Builder->__call('insertGetId', Array)
#7 C:\\xampp\\htdocs\\villa\\villa\\vendor\\laravel\\framework\\src\\Illuminate\\Database\\Eloquent\\Model.php(691): Illuminate\\Database\\Eloquent\\Model->insertAndSetId(Object(Illuminate\\Database\\Eloquent\\Builder), Array)
#8 C:\\xampp\\htdocs\\villa\\villa\\vendor\\laravel\\framework\\src\\Illuminate\\Database\\Eloquent\\Model.php(554): Illuminate\\Database\\Eloquent\\Model->performInsert(Object(Illuminate\\Database\\Eloquent\\Builder))
#9 C:\\xampp\\htdocs\\villa\\villa\\app\\Http\\Controllers\\users\\auth\\AuthController.php(84): Illuminate\\Database\\Eloquent\\Model->save()
#10 [internal function]: App\\Http\\Controllers\\users\\auth\\AuthController->Register(Object(Illuminate\\Http\\Request))
#11 C:\\xampp\\htdocs\\villa\\villa\\vendor\\laravel\\framework\\src\\Illuminate\\Routing\\Controller.php(54): call_user_func_array(Array, Array)
#12 C:\\xampp\\htdocs\\villa\\villa\\vendor\\laravel\\framework\\src\\Illuminate\\Routing\\ControllerDispatcher.php(45): Illuminate\\Routing\\Controller->callAction('Register', Array)
#13 C:\\xampp\\htdocs\\villa\\villa\\vendor\\laravel\\framework\\src\\Illuminate\\Routing\\Route.php(212): Illuminate\\Routing\\ControllerDispatcher->dispatch(Object(Illuminate\\Routing\\Route), Object(App\\Http\\Controllers\\users\\auth\\AuthController), 'Register')
#14 C:\\xampp\\htdocs\\villa\\villa\\vendor\\laravel\\framework\\src\\Illuminate\\Routing\\Route.php(169): Illuminate\\Routing\\Route->runController()
#15 C:\\xampp\\htdocs\\villa\\villa\\vendor\\laravel\\framework\\src\\Illuminate\\Routing\\Router.php(659): Illuminate\\Routing\\Route->run()
#16 C:\\xampp\\htdocs\\villa\\villa\\vendor\\laravel\\framework\\src\\Illuminate\\Routing\\Pipeline.php(30): Illuminate\\Routing\\Router->Illuminate\\Routing\\{closure}(Object(Illuminate\\Http\\Request))
#17 C:\\xampp\\htdocs\\villa\\villa\\app\\Http\\Middleware\\RedirectIfAuthenticated.php(28): Illuminate\\Routing\\Pipeline->Illuminate\\Routing\\{closure}(Object(Illuminate\\Http\\Request))
#18 C:\\xampp\\htdocs\\villa\\villa\\vendor\\laravel\\framework\\src\\Illuminate\\Pipeline\\Pipeline.php(149): App\\Http\\Middleware\\RedirectIfAuthenticated->handle(Object(Illuminate\\Http\\Request), Object(Closure), 'user')
#19 C:\\xampp\\htdocs\\villa\\villa\\vendor\\laravel\\framework\\src\\Illuminate\\Routing\\Pipeline.php(53): Illuminate\\Pipeline\\Pipeline->Illuminate\\Pipeline\\{closure}(Object(Illuminate\\Http\\Request))
#20 C:\\xampp\\htdocs\\villa\\villa\\vendor\\laravel\\framework\\src\\Illuminate\\Routing\\Middleware\\SubstituteBindings.php(41): Illuminate\\Routing\\Pipeline->Illuminate\\Routing\\{closure}(Object(Illuminate\\Http\\Request))
#21 C:\\xampp\\htdocs\\villa\\villa\\vendor\\laravel\\framework\\src\\Illuminate\\Pipeline\\Pipeline.php(149): Illuminate\\Routing\\Middleware\\SubstituteBindings->handle(Object(Illuminate\\Http\\Request), Object(Closure))
#22 C:\\xampp\\htdocs\\villa\\villa\\vendor\\laravel\\framework\\src\\Illuminate\\Routing\\Pipeline.php(53): Illuminate\\Pipeline\\Pipeline->Illuminate\\Pipeline\\{closure}(Object(Illuminate\\Http\\Request))
#23 C:\\xampp\\htdocs\\villa\\villa\\vendor\\laravel\\framework\\src\\Illuminate\\Foundation\\Http\\Middleware\\VerifyCsrfToken.php(67): Illuminate\\Routing\\Pipeline->Illuminate\\Routing\\{closure}(Object(Illuminate\\Http\\Request))
#24 C:\\xampp\\htdocs\\villa\\villa\\vendor\\laravel\\framework\\src\\Illuminate\\Pipeline\\Pipeline.php(149): Illuminate\\Foundation\\Http\\Middleware\\VerifyCsrfToken->handle(Object(Illuminate\\Http\\Request), Object(Closure))
#25 C:\\xampp\\htdocs\\villa\\villa\\vendor\\laravel\\framework\\src\\Illuminate\\Routing\\Pipeline.php(53): Illuminate\\Pipeline\\Pipeline->Illuminate\\Pipeline\\{closure}(Object(Illuminate\\Http\\Request))
#26 C:\\xampp\\htdocs\\villa\\villa\\vendor\\laravel\\framework\\src\\Illuminate\\View\\Middleware\\ShareErrorsFromSession.php(49): Illuminate\\Routing\\Pipeline->Illuminate\\Routing\\{closure}(Object(Illuminate\\Http\\Request))
#27 C:\\xampp\\htdocs\\villa\\villa\\vendor\\laravel\\framework\\src\\Illuminate\\Pipeline\\Pipeline.php(149): Illuminate\\View\\Middleware\\ShareErrorsFromSession->handle(Object(Illuminate\\Http\\Request), Object(Closure))
#28 C:\\xampp\\htdocs\\villa\\villa\\vendor\\laravel\\framework\\src\\Illuminate\\Routing\\Pipeline.php(53): Illuminate\\Pipeline\\Pipeline->Illuminate\\Pipeline\\{closure}(Object(Illuminate\\Http\\Request))
#29 C:\\xampp\\htdocs\\villa\\villa\\vendor\\laravel\\framework\\src\\Illuminate\\Session\\Middleware\\StartSession.php(63): Illuminate\\Routing\\Pipeline->Illuminate\\Routing\\{closure}(Object(Illuminate\\Http\\Request))
#30 C:\\xampp\\htdocs\\villa\\villa\\vendor\\laravel\\framework\\src\\Illuminate\\Pipeline\\Pipeline.php(149): Illuminate\\Session\\Middleware\\StartSession->handle(Object(Illuminate\\Http\\Request), Object(Closure))
#31 C:\\xampp\\htdocs\\villa\\villa\\vendor\\laravel\\framework\\src\\Illuminate\\Routing\\Pipeline.php(53): Illuminate\\Pipeline\\Pipeline->Illuminate\\Pipeline\\{closure}(Object(Illuminate\\Http\\Request))
#32 C:\\xampp\\htdocs\\villa\\villa\\vendor\\laravel\\framework\\src\\Illuminate\\Cookie\\Middleware\\AddQueuedCookiesToResponse.php(37): Illuminate\\Routing\\Pipeline->Illuminate\\Routing\\{closure}(Object(Illuminate\\Http\\Request))
#33 C:\\xampp\\htdocs\\villa\\villa\\vendor\\laravel\\framework\\src\\Illuminate\\Pipeline\\Pipeline.php(149): Illuminate\\Cookie\\Middleware\\AddQueuedCookiesToResponse->handle(Object(Illuminate\\Http\\Request), Object(Closure))
#34 C:\\xampp\\htdocs\\villa\\villa\\vendor\\laravel\\framework\\src\\Illuminate\\Routing\\Pipeline.php(53): Illuminate\\Pipeline\\Pipeline->Illuminate\\Pipeline\\{closure}(Object(Illuminate\\Http\\Request))
#35 C:\\xampp\\htdocs\\villa\\villa\\vendor\\laravel\\framework\\src\\Illuminate\\Cookie\\Middleware\\EncryptCookies.php(59): Illuminate\\Routing\\Pipeline->Illuminate\\Routing\\{closure}(Object(Illuminate\\Http\\Request))
#36 C:\\xampp\\htdocs\\villa\\villa\\vendor\\laravel\\framework\\src\\Illuminate\\Pipeline\\Pipeline.php(149): Illuminate\\Cookie\\Middleware\\EncryptCookies->handle(Object(Illuminate\\Http\\Request), Object(Closure))
#37 C:\\xampp\\htdocs\\villa\\villa\\vendor\\laravel\\framework\\src\\Illuminate\\Routing\\Pipeline.php(53): Illuminate\\Pipeline\\Pipeline->Illuminate\\Pipeline\\{closure}(Object(Illuminate\\Http\\Request))
#38 C:\\xampp\\htdocs\\villa\\villa\\vendor\\laravel\\framework\\src\\Illuminate\\Pipeline\\Pipeline.php(102): Illuminate\\Routing\\Pipeline->Illuminate\\Routing\\{closure}(Object(Illuminate\\Http\\Request))
#39 C:\\xampp\\htdocs\\villa\\villa\\vendor\\laravel\\framework\\src\\Illuminate\\Routing\\Router.php(661): Illuminate\\Pipeline\\Pipeline->then(Object(Closure))
#40 C:\\xampp\\htdocs\\villa\\villa\\vendor\\laravel\\framework\\src\\Illuminate\\Routing\\Router.php(636): Illuminate\\Routing\\Router->runRouteWithinStack(Object(Illuminate\\Routing\\Route), Object(Illuminate\\Http\\Request))
#41 C:\\xampp\\htdocs\\villa\\villa\\vendor\\laravel\\framework\\src\\Illuminate\\Routing\\Router.php(602): Illuminate\\Routing\\Router->runRoute(Object(Illuminate\\Http\\Request), Object(Illuminate\\Routing\\Route))
#42 C:\\xampp\\htdocs\\villa\\villa\\vendor\\laravel\\framework\\src\\Illuminate\\Routing\\Router.php(591): Illuminate\\Routing\\Router->dispatchToRoute(Object(Illuminate\\Http\\Request))
#43 C:\\xampp\\htdocs\\villa\\villa\\vendor\\laravel\\framework\\src\\Illuminate\\Foundation\\Http\\Kernel.php(176): Illuminate\\Routing\\Router->dispatch(Object(Illuminate\\Http\\Request))
#44 C:\\xampp\\htdocs\\villa\\villa\\vendor\\laravel\\framework\\src\\Illuminate\\Routing\\Pipeline.php(30): Illuminate\\Foundation\\Http\\Kernel->Illuminate\\Foundation\\Http\\{closure}(Object(Illuminate\\Http\\Request))
#45 C:\\xampp\\htdocs\\villa\\villa\\vendor\\fideloper\\proxy\\src\\TrustProxies.php(57): Illuminate\\Routing\\Pipeline->Illuminate\\Routing\\{closure}(Object(Illuminate\\Http\\Request))
#46 C:\\xampp\\htdocs\\villa\\villa\\vendor\\laravel\\framework\\src\\Illuminate\\Pipeline\\Pipeline.php(149): Fideloper\\Proxy\\TrustProxies->handle(Object(Illuminate\\Http\\Request), Object(Closure))
#47 C:\\xampp\\htdocs\\villa\\villa\\vendor\\laravel\\framework\\src\\Illuminate\\Routing\\Pipeline.php(53): Illuminate\\Pipeline\\Pipeline->Illuminate\\Pipeline\\{closure}(Object(Illuminate\\Http\\Request))
#48 C:\\xampp\\htdocs\\villa\\villa\\vendor\\laravel\\framework\\src\\Illuminate\\Foundation\\Http\\Middleware\\TransformsRequest.php(30): Illuminate\\Routing\\Pipeline->Illuminate\\Routing\\{closure}(Object(Illuminate\\Http\\Request))
#49 C:\\xampp\\htdocs\\villa\\villa\\vendor\\laravel\\framework\\src\\Illuminate\\Pipeline\\Pipeline.php(149): Illuminate\\Foundation\\Http\\Middleware\\TransformsRequest->handle(Object(Illuminate\\Http\\Request), Object(Closure))
#50 C:\\xampp\\htdocs\\villa\\villa\\vendor\\laravel\\framework\\src\\Illuminate\\Routing\\Pipeline.php(53): Illuminate\\Pipeline\\Pipeline->Illuminate\\Pipeline\\{closure}(Object(Illuminate\\Http\\Request))
#51 C:\\xampp\\htdocs\\villa\\villa\\vendor\\laravel\\framework\\src\\Illuminate\\Foundation\\Http\\Middleware\\TransformsRequest.php(30): Illuminate\\Routing\\Pipeline->Illuminate\\Routing\\{closure}(Object(Illuminate\\Http\\Request))
#52 C:\\xampp\\htdocs\\villa\\villa\\vendor\\laravel\\framework\\src\\Illuminate\\Pipeline\\Pipeline.php(149): Illuminate\\Foundation\\Http\\Middleware\\TransformsRequest->handle(Object(Illuminate\\Http\\Request), Object(Closure))
#53 C:\\xampp\\htdocs\\villa\\villa\\vendor\\laravel\\framework\\src\\Illuminate\\Routing\\Pipeline.php(53): Illuminate\\Pipeline\\Pipeline->Illuminate\\Pipeline\\{closure}(Object(Illuminate\\Http\\Request))
#54 C:\\xampp\\htdocs\\villa\\villa\\vendor\\laravel\\framework\\src\\Illuminate\\Foundation\\Http\\Middleware\\ValidatePostSize.php(27): Illuminate\\Routing\\Pipeline->Illuminate\\Routing\\{closure}(Object(Illuminate\\Http\\Request))
#55 C:\\xampp\\htdocs\\villa\\villa\\vendor\\laravel\\framework\\src\\Illuminate\\Pipeline\\Pipeline.php(149): Illuminate\\Foundation\\Http\\Middleware\\ValidatePostSize->handle(Object(Illuminate\\Http\\Request), Object(Closure))
#56 C:\\xampp\\htdocs\\villa\\villa\\vendor\\laravel\\framework\\src\\Illuminate\\Routing\\Pipeline.php(53): Illuminate\\Pipeline\\Pipeline->Illuminate\\Pipeline\\{closure}(Object(Illuminate\\Http\\Request))
#57 C:\\xampp\\htdocs\\villa\\villa\\vendor\\laravel\\framework\\src\\Illuminate\\Foundation\\Http\\Middleware\\CheckForMaintenanceMode.php(46): Illuminate\\Routing\\Pipeline->Illuminate\\Routing\\{closure}(Object(Illuminate\\Http\\Request))
#58 C:\\xampp\\htdocs\\villa\\villa\\vendor\\laravel\\framework\\src\\Illuminate\\Pipeline\\Pipeline.php(149): Illuminate\\Foundation\\Http\\Middleware\\CheckForMaintenanceMode->handle(Object(Illuminate\\Http\\Request), Object(Closure))
#59 C:\\xampp\\htdocs\\villa\\villa\\vendor\\laravel\\framework\\src\\Illuminate\\Routing\\Pipeline.php(53): Illuminate\\Pipeline\\Pipeline->Illuminate\\Pipeline\\{closure}(Object(Illuminate\\Http\\Request))
#60 C:\\xampp\\htdocs\\villa\\villa\\vendor\\laravel\\framework\\src\\Illuminate\\Pipeline\\Pipeline.php(102): Illuminate\\Routing\\Pipeline->Illuminate\\Routing\\{closure}(Object(Illuminate\\Http\\Request))
#61 C:\\xampp\\htdocs\\villa\\villa\\vendor\\laravel\\framework\\src\\Illuminate\\Foundation\\Http\\Kernel.php(151): Illuminate\\Pipeline\\Pipeline->then(Object(Closure))
#62 C:\\xampp\\htdocs\\villa\\villa\\vendor\\laravel\\framework\\src\\Illuminate\\Foundation\\Http\\Kernel.php(116): Illuminate\\Foundation\\Http\\Kernel->sendRequestThroughRouter(Object(Illuminate\\Http\\Request))
#63 C:\\xampp\\htdocs\\villa\\villa\\public\\index.php(55): Illuminate\\Foundation\\Http\\Kernel->handle(Object(Illuminate\\Http\\Request))
#64 {main}
"} 
[2018-03-17 17:31:59] local.ERROR: Type error: Argument 1 passed to Illuminate\Auth\EloquentUserProvider::validateCredentials() must be an instance of Illuminate\Contracts\Auth\Authenticatable, instance of App\Models\RenterUser given, called in C:\xampp\htdocs\villa\villa\vendor\laravel\framework\src\Illuminate\Auth\SessionGuard.php on line 379 {"exception":"[object] (Symfony\\Component\\Debug\\Exception\\FatalThrowableError(code: 0): Type error: Argument 1 passed to Illuminate\\Auth\\EloquentUserProvider::validateCredentials() must be an instance of Illuminate\\Contracts\\Auth\\Authenticatable, instance of App\\Models\\RenterUser given, called in C:\\xampp\\htdocs\\villa\\villa\\vendor\\laravel\\framework\\src\\Illuminate\\Auth\\SessionGuard.php on line 379 at C:\\xampp\\htdocs\\villa\\villa\\vendor\\laravel\\framework\\src\\Illuminate\\Auth\\EloquentUserProvider.php:131)
[stacktrace]
#0 C:\\xampp\\htdocs\\villa\\villa\\vendor\\laravel\\framework\\src\\Illuminate\\Auth\\SessionGuard.php(379): Illuminate\\Auth\\EloquentUserProvider->validateCredentials(Object(App\\Models\\RenterUser), Array)
#1 C:\\xampp\\htdocs\\villa\\villa\\vendor\\laravel\\framework\\src\\Illuminate\\Auth\\SessionGuard.php(356): Illuminate\\Auth\\SessionGuard->hasValidCredentials(Object(App\\Models\\RenterUser), Array)
#2 C:\\xampp\\htdocs\\villa\\villa\\app\\Http\\Controllers\\users\\auth\\AuthController.php(53): Illuminate\\Auth\\SessionGuard->attempt(Array)
#3 [internal function]: App\\Http\\Controllers\\users\\auth\\AuthController->Login(Object(Illuminate\\Http\\Request))
#4 C:\\xampp\\htdocs\\villa\\villa\\vendor\\laravel\\framework\\src\\Illuminate\\Routing\\Controller.php(54): call_user_func_array(Array, Array)
#5 C:\\xampp\\htdocs\\villa\\villa\\vendor\\laravel\\framework\\src\\Illuminate\\Routing\\ControllerDispatcher.php(45): Illuminate\\Routing\\Controller->callAction('Login', Array)
#6 C:\\xampp\\htdocs\\villa\\villa\\vendor\\laravel\\framework\\src\\Illuminate\\Routing\\Route.php(212): Illuminate\\Routing\\ControllerDispatcher->dispatch(Object(Illuminate\\Routing\\Route), Object(App\\Http\\Controllers\\users\\auth\\AuthController), 'Login')
#7 C:\\xampp\\htdocs\\villa\\villa\\vendor\\laravel\\framework\\src\\Illuminate\\Routing\\Route.php(169): Illuminate\\Routing\\Route->runController()
#8 C:\\xampp\\htdocs\\villa\\villa\\vendor\\laravel\\framework\\src\\Illuminate\\Routing\\Router.php(659): Illuminate\\Routing\\Route->run()
#9 C:\\xampp\\htdocs\\villa\\villa\\vendor\\laravel\\framework\\src\\Illuminate\\Routing\\Pipeline.php(30): Illuminate\\Routing\\Router->Illuminate\\Routing\\{closure}(Object(Illuminate\\Http\\Request))
#10 C:\\xampp\\htdocs\\villa\\villa\\app\\Http\\Middleware\\RedirectIfAuthenticated.php(28): Illuminate\\Routing\\Pipeline->Illuminate\\Routing\\{closure}(Object(Illuminate\\Http\\Request))
#11 C:\\xampp\\htdocs\\villa\\villa\\vendor\\laravel\\framework\\src\\Illuminate\\Pipeline\\Pipeline.php(149): App\\Http\\Middleware\\RedirectIfAuthenticated->handle(Object(Illuminate\\Http\\Request), Object(Closure), 'user')
#12 C:\\xampp\\htdocs\\villa\\villa\\vendor\\laravel\\framework\\src\\Illuminate\\Routing\\Pipeline.php(53): Illuminate\\Pipeline\\Pipeline->Illuminate\\Pipeline\\{closure}(Object(Illuminate\\Http\\Request))
#13 C:\\xampp\\htdocs\\villa\\villa\\vendor\\laravel\\framework\\src\\Illuminate\\Routing\\Middleware\\SubstituteBindings.php(41): Illuminate\\Routing\\Pipeline->Illuminate\\Routing\\{closure}(Object(Illuminate\\Http\\Request))
#14 C:\\xampp\\htdocs\\villa\\villa\\vendor\\laravel\\framework\\src\\Illuminate\\Pipeline\\Pipeline.php(149): Illuminate\\Routing\\Middleware\\SubstituteBindings->handle(Object(Illuminate\\Http\\Request), Object(Closure))
#15 C:\\xampp\\htdocs\\villa\\villa\\vendor\\laravel\\framework\\src\\Illuminate\\Routing\\Pipeline.php(53): Illuminate\\Pipeline\\Pipeline->Illuminate\\Pipeline\\{closure}(Object(Illuminate\\Http\\Request))
#16 C:\\xampp\\htdocs\\villa\\villa\\vendor\\laravel\\framework\\src\\Illuminate\\Foundation\\Http\\Middleware\\VerifyCsrfToken.php(67): Illuminate\\Routing\\Pipeline->Illuminate\\Routing\\{closure}(Object(Illuminate\\Http\\Request))
#17 C:\\xampp\\htdocs\\villa\\villa\\vendor\\laravel\\framework\\src\\Illuminate\\Pipeline\\Pipeline.php(149): Illuminate\\Foundation\\Http\\Middleware\\VerifyCsrfToken->handle(Object(Illuminate\\Http\\Request), Object(Closure))
#18 C:\\xampp\\htdocs\\villa\\villa\\vendor\\laravel\\framework\\src\\Illuminate\\Routing\\Pipeline.php(53): Illuminate\\Pipeline\\Pipeline->Illuminate\\Pipeline\\{closure}(Object(Illuminate\\Http\\Request))
#19 C:\\xampp\\htdocs\\villa\\villa\\vendor\\laravel\\framework\\src\\Illuminate\\View\\Middleware\\ShareErrorsFromSession.php(49): Illuminate\\Routing\\Pipeline->Illuminate\\Routing\\{closure}(Object(Illuminate\\Http\\Request))
#20 C:\\xampp\\htdocs\\villa\\villa\\vendor\\laravel\\framework\\src\\Illuminate\\Pipeline\\Pipeline.php(149): Illuminate\\View\\Middleware\\ShareErrorsFromSession->handle(Object(Illuminate\\Http\\Request), Object(Closure))
#21 C:\\xampp\\htdocs\\villa\\villa\\vendor\\laravel\\framework\\src\\Illuminate\\Routing\\Pipeline.php(53): Illuminate\\Pipeline\\Pipeline->Illuminate\\Pipeline\\{closure}(Object(Illuminate\\Http\\Request))
#22 C:\\xampp\\htdocs\\villa\\villa\\vendor\\laravel\\framework\\src\\Illuminate\\Session\\Middleware\\StartSession.php(63): Illuminate\\Routing\\Pipeline->Illuminate\\Routing\\{closure}(Object(Illuminate\\Http\\Request))
#23 C:\\xampp\\htdocs\\villa\\villa\\vendor\\laravel\\framework\\src\\Illuminate\\Pipeline\\Pipeline.php(149): Illuminate\\Session\\Middleware\\StartSession->handle(Object(Illuminate\\Http\\Request), Object(Closure))
#24 C:\\xampp\\htdocs\\villa\\villa\\vendor\\laravel\\framework\\src\\Illuminate\\Routing\\Pipeline.php(53): Illuminate\\Pipeline\\Pipeline->Illuminate\\Pipeline\\{closure}(Object(Illuminate\\Http\\Request))
#25 C:\\xampp\\htdocs\\villa\\villa\\vendor\\laravel\\framework\\src\\Illuminate\\Cookie\\Middleware\\AddQueuedCookiesToResponse.php(37): Illuminate\\Routing\\Pipeline->Illuminate\\Routing\\{closure}(Object(Illuminate\\Http\\Request))
#26 C:\\xampp\\htdocs\\villa\\villa\\vendor\\laravel\\framework\\src\\Illuminate\\Pipeline\\Pipeline.php(149): Illuminate\\Cookie\\Middleware\\AddQueuedCookiesToResponse->handle(Object(Illuminate\\Http\\Request), Object(Closure))
#27 C:\\xampp\\htdocs\\villa\\villa\\vendor\\laravel\\framework\\src\\Illuminate\\Routing\\Pipeline.php(53): Illuminate\\Pipeline\\Pipeline->Illuminate\\Pipeline\\{closure}(Object(Illuminate\\Http\\Request))
#28 C:\\xampp\\htdocs\\villa\\villa\\vendor\\laravel\\framework\\src\\Illuminate\\Cookie\\Middleware\\EncryptCookies.php(59): Illuminate\\Routing\\Pipeline->Illuminate\\Routing\\{closure}(Object(Illuminate\\Http\\Request))
#29 C:\\xampp\\htdocs\\villa\\villa\\vendor\\laravel\\framework\\src\\Illuminate\\Pipeline\\Pipeline.php(149): Illuminate\\Cookie\\Middleware\\EncryptCookies->handle(Object(Illuminate\\Http\\Request), Object(Closure))
#30 C:\\xampp\\htdocs\\villa\\villa\\vendor\\laravel\\framework\\src\\Illuminate\\Routing\\Pipeline.php(53): Illuminate\\Pipeline\\Pipeline->Illuminate\\Pipeline\\{closure}(Object(Illuminate\\Http\\Request))
#31 C:\\xampp\\htdocs\\villa\\villa\\vendor\\laravel\\framework\\src\\Illuminate\\Pipeline\\Pipeline.php(102): Illuminate\\Routing\\Pipeline->Illuminate\\Routing\\{closure}(Object(Illuminate\\Http\\Request))
#32 C:\\xampp\\htdocs\\villa\\villa\\vendor\\laravel\\framework\\src\\Illuminate\\Routing\\Router.php(661): Illuminate\\Pipeline\\Pipeline->then(Object(Closure))
#33 C:\\xampp\\htdocs\\villa\\villa\\vendor\\laravel\\framework\\src\\Illuminate\\Routing\\Router.php(636): Illuminate\\Routing\\Router->runRouteWithinStack(Object(Illuminate\\Routing\\Route), Object(Illuminate\\Http\\Request))
#34 C:\\xampp\\htdocs\\villa\\villa\\vendor\\laravel\\framework\\src\\Illuminate\\Routing\\Router.php(602): Illuminate\\Routing\\Router->runRoute(Object(Illuminate\\Http\\Request), Object(Illuminate\\Routing\\Route))
#35 C:\\xampp\\htdocs\\villa\\villa\\vendor\\laravel\\framework\\src\\Illuminate\\Routing\\Router.php(591): Illuminate\\Routing\\Router->dispatchToRoute(Object(Illuminate\\Http\\Request))
#36 C:\\xampp\\htdocs\\villa\\villa\\vendor\\laravel\\framework\\src\\Illuminate\\Foundation\\Http\\Kernel.php(176): Illuminate\\Routing\\Router->dispatch(Object(Illuminate\\Http\\Request))
#37 C:\\xampp\\htdocs\\villa\\villa\\vendor\\laravel\\framework\\src\\Illuminate\\Routing\\Pipeline.php(30): Illuminate\\Foundation\\Http\\Kernel->Illuminate\\Foundation\\Http\\{closure}(Object(Illuminate\\Http\\Request))
#38 C:\\xampp\\htdocs\\villa\\villa\\vendor\\fideloper\\proxy\\src\\TrustProxies.php(57): Illuminate\\Routing\\Pipeline->Illuminate\\Routing\\{closure}(Object(Illuminate\\Http\\Request))
#39 C:\\xampp\\htdocs\\villa\\villa\\vendor\\laravel\\framework\\src\\Illuminate\\Pipeline\\Pipeline.php(149): Fideloper\\Proxy\\TrustProxies->handle(Object(Illuminate\\Http\\Request), Object(Closure))
#40 C:\\xampp\\htdocs\\villa\\villa\\vendor\\laravel\\framework\\src\\Illuminate\\Routing\\Pipeline.php(53): Illuminate\\Pipeline\\Pipeline->Illuminate\\Pipeline\\{closure}(Object(Illuminate\\Http\\Request))
#41 C:\\xampp\\htdocs\\villa\\villa\\vendor\\laravel\\framework\\src\\Illuminate\\Foundation\\Http\\Middleware\\TransformsRequest.php(30): Illuminate\\Routing\\Pipeline->Illuminate\\Routing\\{closure}(Object(Illuminate\\Http\\Request))
#42 C:\\xampp\\htdocs\\villa\\villa\\vendor\\laravel\\framework\\src\\Illuminate\\Pipeline\\Pipeline.php(149): Illuminate\\Foundation\\Http\\Middleware\\TransformsRequest->handle(Object(Illuminate\\Http\\Request), Object(Closure))
#43 C:\\xampp\\htdocs\\villa\\villa\\vendor\\laravel\\framework\\src\\Illuminate\\Routing\\Pipeline.php(53): Illuminate\\Pipeline\\Pipeline->Illuminate\\Pipeline\\{closure}(Object(Illuminate\\Http\\Request))
#44 C:\\xampp\\htdocs\\villa\\villa\\vendor\\laravel\\framework\\src\\Illuminate\\Foundation\\Http\\Middleware\\TransformsRequest.php(30): Illuminate\\Routing\\Pipeline->Illuminate\\Routing\\{closure}(Object(Illuminate\\Http\\Request))
#45 C:\\xampp\\htdocs\\villa\\villa\\vendor\\laravel\\framework\\src\\Illuminate\\Pipeline\\Pipeline.php(149): Illuminate\\Foundation\\Http\\Middleware\\TransformsRequest->handle(Object(Illuminate\\Http\\Request), Object(Closure))
#46 C:\\xampp\\htdocs\\villa\\villa\\vendor\\laravel\\framework\\src\\Illuminate\\Routing\\Pipeline.php(53): Illuminate\\Pipeline\\Pipeline->Illuminate\\Pipeline\\{closure}(Object(Illuminate\\Http\\Request))
#47 C:\\xampp\\htdocs\\villa\\villa\\vendor\\laravel\\framework\\src\\Illuminate\\Foundation\\Http\\Middleware\\ValidatePostSize.php(27): Illuminate\\Routing\\Pipeline->Illuminate\\Routing\\{closure}(Object(Illuminate\\Http\\Request))
#48 C:\\xampp\\htdocs\\villa\\villa\\vendor\\laravel\\framework\\src\\Illuminate\\Pipeline\\Pipeline.php(149): Illuminate\\Foundation\\Http\\Middleware\\ValidatePostSize->handle(Object(Illuminate\\Http\\Request), Object(Closure))
#49 C:\\xampp\\htdocs\\villa\\villa\\vendor\\laravel\\framework\\src\\Illuminate\\Routing\\Pipeline.php(53): Illuminate\\Pipeline\\Pipeline->Illuminate\\Pipeline\\{closure}(Object(Illuminate\\Http\\Request))
#50 C:\\xampp\\htdocs\\villa\\villa\\vendor\\laravel\\framework\\src\\Illuminate\\Foundation\\Http\\Middleware\\CheckForMaintenanceMode.php(46): Illuminate\\Routing\\Pipeline->Illuminate\\Routing\\{closure}(Object(Illuminate\\Http\\Request))
#51 C:\\xampp\\htdocs\\villa\\villa\\vendor\\laravel\\framework\\src\\Illuminate\\Pipeline\\Pipeline.php(149): Illuminate\\Foundation\\Http\\Middleware\\CheckForMaintenanceMode->handle(Object(Illuminate\\Http\\Request), Object(Closure))
#52 C:\\xampp\\htdocs\\villa\\villa\\vendor\\laravel\\framework\\src\\Illuminate\\Routing\\Pipeline.php(53): Illuminate\\Pipeline\\Pipeline->Illuminate\\Pipeline\\{closure}(Object(Illuminate\\Http\\Request))
#53 C:\\xampp\\htdocs\\villa\\villa\\vendor\\laravel\\framework\\src\\Illuminate\\Pipeline\\Pipeline.php(102): Illuminate\\Routing\\Pipeline->Illuminate\\Routing\\{closure}(Object(Illuminate\\Http\\Request))
#54 C:\\xampp\\htdocs\\villa\\villa\\vendor\\laravel\\framework\\src\\Illuminate\\Foundation\\Http\\Kernel.php(151): Illuminate\\Pipeline\\Pipeline->then(Object(Closure))
#55 C:\\xampp\\htdocs\\villa\\villa\\vendor\\laravel\\framework\\src\\Illuminate\\Foundation\\Http\\Kernel.php(116): Illuminate\\Foundation\\Http\\Kernel->sendRequestThroughRouter(Object(Illuminate\\Http\\Request))
#56 C:\\xampp\\htdocs\\villa\\villa\\public\\index.php(55): Illuminate\\Foundation\\Http\\Kernel->handle(Object(Illuminate\\Http\\Request))
#57 {main}
"} 
[2018-03-17 18:14:15] local.ERROR: Call to undefined function App\Http\Controllers\users\auth\where() {"exception":"[object] (Symfony\\Component\\Debug\\Exception\\FatalThrowableError(code: 0): Call to undefined function App\\Http\\Controllers\\users\\auth\\where() at C:\\xampp\\htdocs\\villa\\villa\\app\\Http\\Controllers\\users\\auth\\AuthController.php:109)
[stacktrace]
#0 [internal function]: App\\Http\\Controllers\\users\\auth\\AuthController->NewPassword(Object(Illuminate\\Http\\Request))
#1 C:\\xampp\\htdocs\\villa\\villa\\vendor\\laravel\\framework\\src\\Illuminate\\Routing\\Controller.php(54): call_user_func_array(Array, Array)
#2 C:\\xampp\\htdocs\\villa\\villa\\vendor\\laravel\\framework\\src\\Illuminate\\Routing\\ControllerDispatcher.php(45): Illuminate\\Routing\\Controller->callAction('NewPassword', Array)
#3 C:\\xampp\\htdocs\\villa\\villa\\vendor\\laravel\\framework\\src\\Illuminate\\Routing\\Route.php(212): Illuminate\\Routing\\ControllerDispatcher->dispatch(Object(Illuminate\\Routing\\Route), Object(App\\Http\\Controllers\\users\\auth\\AuthController), 'NewPassword')
#4 C:\\xampp\\htdocs\\villa\\villa\\vendor\\laravel\\framework\\src\\Illuminate\\Routing\\Route.php(169): Illuminate\\Routing\\Route->runController()
#5 C:\\xampp\\htdocs\\villa\\villa\\vendor\\laravel\\framework\\src\\Illuminate\\Routing\\Router.php(659): Illuminate\\Routing\\Route->run()
#6 C:\\xampp\\htdocs\\villa\\villa\\vendor\\laravel\\framework\\src\\Illuminate\\Routing\\Pipeline.php(30): Illuminate\\Routing\\Router->Illuminate\\Routing\\{closure}(Object(Illuminate\\Http\\Request))
#7 C:\\xampp\\htdocs\\villa\\villa\\app\\Http\\Middleware\\RedirectIfAuthenticated.php(28): Illuminate\\Routing\\Pipeline->Illuminate\\Routing\\{closure}(Object(Illuminate\\Http\\Request))
#8 C:\\xampp\\htdocs\\villa\\villa\\vendor\\laravel\\framework\\src\\Illuminate\\Pipeline\\Pipeline.php(149): App\\Http\\Middleware\\RedirectIfAuthenticated->handle(Object(Illuminate\\Http\\Request), Object(Closure), 'user')
#9 C:\\xampp\\htdocs\\villa\\villa\\vendor\\laravel\\framework\\src\\Illuminate\\Routing\\Pipeline.php(53): Illuminate\\Pipeline\\Pipeline->Illuminate\\Pipeline\\{closure}(Object(Illuminate\\Http\\Request))
#10 C:\\xampp\\htdocs\\villa\\villa\\vendor\\laravel\\framework\\src\\Illuminate\\Routing\\Middleware\\SubstituteBindings.php(41): Illuminate\\Routing\\Pipeline->Illuminate\\Routing\\{closure}(Object(Illuminate\\Http\\Request))
#11 C:\\xampp\\htdocs\\villa\\villa\\vendor\\laravel\\framework\\src\\Illuminate\\Pipeline\\Pipeline.php(149): Illuminate\\Routing\\Middleware\\SubstituteBindings->handle(Object(Illuminate\\Http\\Request), Object(Closure))
#12 C:\\xampp\\htdocs\\villa\\villa\\vendor\\laravel\\framework\\src\\Illuminate\\Routing\\Pipeline.php(53): Illuminate\\Pipeline\\Pipeline->Illuminate\\Pipeline\\{closure}(Object(Illuminate\\Http\\Request))
#13 C:\\xampp\\htdocs\\villa\\villa\\vendor\\laravel\\framework\\src\\Illuminate\\Foundation\\Http\\Middleware\\VerifyCsrfToken.php(67): Illuminate\\Routing\\Pipeline->Illuminate\\Routing\\{closure}(Object(Illuminate\\Http\\Request))
#14 C:\\xampp\\htdocs\\villa\\villa\\vendor\\laravel\\framework\\src\\Illuminate\\Pipeline\\Pipeline.php(149): Illuminate\\Foundation\\Http\\Middleware\\VerifyCsrfToken->handle(Object(Illuminate\\Http\\Request), Object(Closure))
#15 C:\\xampp\\htdocs\\villa\\villa\\vendor\\laravel\\framework\\src\\Illuminate\\Routing\\Pipeline.php(53): Illuminate\\Pipeline\\Pipeline->Illuminate\\Pipeline\\{closure}(Object(Illuminate\\Http\\Request))
#16 C:\\xampp\\htdocs\\villa\\villa\\vendor\\laravel\\framework\\src\\Illuminate\\View\\Middleware\\ShareErrorsFromSession.php(49): Illuminate\\Routing\\Pipeline->Illuminate\\Routing\\{closure}(Object(Illuminate\\Http\\Request))
#17 C:\\xampp\\htdocs\\villa\\villa\\vendor\\laravel\\framework\\src\\Illuminate\\Pipeline\\Pipeline.php(149): Illuminate\\View\\Middleware\\ShareErrorsFromSession->handle(Object(Illuminate\\Http\\Request), Object(Closure))
#18 C:\\xampp\\htdocs\\villa\\villa\\vendor\\laravel\\framework\\src\\Illuminate\\Routing\\Pipeline.php(53): Illuminate\\Pipeline\\Pipeline->Illuminate\\Pipeline\\{closure}(Object(Illuminate\\Http\\Request))
#19 C:\\xampp\\htdocs\\villa\\villa\\vendor\\laravel\\framework\\src\\Illuminate\\Session\\Middleware\\StartSession.php(63): Illuminate\\Routing\\Pipeline->Illuminate\\Routing\\{closure}(Object(Illuminate\\Http\\Request))
#20 C:\\xampp\\htdocs\\villa\\villa\\vendor\\laravel\\framework\\src\\Illuminate\\Pipeline\\Pipeline.php(149): Illuminate\\Session\\Middleware\\StartSession->handle(Object(Illuminate\\Http\\Request), Object(Closure))
#21 C:\\xampp\\htdocs\\villa\\villa\\vendor\\laravel\\framework\\src\\Illuminate\\Routing\\Pipeline.php(53): Illuminate\\Pipeline\\Pipeline->Illuminate\\Pipeline\\{closure}(Object(Illuminate\\Http\\Request))
#22 C:\\xampp\\htdocs\\villa\\villa\\vendor\\laravel\\framework\\src\\Illuminate\\Cookie\\Middleware\\AddQueuedCookiesToResponse.php(37): Illuminate\\Routing\\Pipeline->Illuminate\\Routing\\{closure}(Object(Illuminate\\Http\\Request))
#23 C:\\xampp\\htdocs\\villa\\villa\\vendor\\laravel\\framework\\src\\Illuminate\\Pipeline\\Pipeline.php(149): Illuminate\\Cookie\\Middleware\\AddQueuedCookiesToResponse->handle(Object(Illuminate\\Http\\Request), Object(Closure))
#24 C:\\xampp\\htdocs\\villa\\villa\\vendor\\laravel\\framework\\src\\Illuminate\\Routing\\Pipeline.php(53): Illuminate\\Pipeline\\Pipeline->Illuminate\\Pipeline\\{closure}(Object(Illuminate\\Http\\Request))
#25 C:\\xampp\\htdocs\\villa\\villa\\vendor\\laravel\\framework\\src\\Illuminate\\Cookie\\Middleware\\EncryptCookies.php(59): Illuminate\\Routing\\Pipeline->Illuminate\\Routing\\{closure}(Object(Illuminate\\Http\\Request))
#26 C:\\xampp\\htdocs\\villa\\villa\\vendor\\laravel\\framework\\src\\Illuminate\\Pipeline\\Pipeline.php(149): Illuminate\\Cookie\\Middleware\\EncryptCookies->handle(Object(Illuminate\\Http\\Request), Object(Closure))
#27 C:\\xampp\\htdocs\\villa\\villa\\vendor\\laravel\\framework\\src\\Illuminate\\Routing\\Pipeline.php(53): Illuminate\\Pipeline\\Pipeline->Illuminate\\Pipeline\\{closure}(Object(Illuminate\\Http\\Request))
#28 C:\\xampp\\htdocs\\villa\\villa\\vendor\\laravel\\framework\\src\\Illuminate\\Pipeline\\Pipeline.php(102): Illuminate\\Routing\\Pipeline->Illuminate\\Routing\\{closure}(Object(Illuminate\\Http\\Request))
#29 C:\\xampp\\htdocs\\villa\\villa\\vendor\\laravel\\framework\\src\\Illuminate\\Routing\\Router.php(661): Illuminate\\Pipeline\\Pipeline->then(Object(Closure))
#30 C:\\xampp\\htdocs\\villa\\villa\\vendor\\laravel\\framework\\src\\Illuminate\\Routing\\Router.php(636): Illuminate\\Routing\\Router->runRouteWithinStack(Object(Illuminate\\Routing\\Route), Object(Illuminate\\Http\\Request))
#31 C:\\xampp\\htdocs\\villa\\villa\\vendor\\laravel\\framework\\src\\Illuminate\\Routing\\Router.php(602): Illuminate\\Routing\\Router->runRoute(Object(Illuminate\\Http\\Request), Object(Illuminate\\Routing\\Route))
#32 C:\\xampp\\htdocs\\villa\\villa\\vendor\\laravel\\framework\\src\\Illuminate\\Routing\\Router.php(591): Illuminate\\Routing\\Router->dispatchToRoute(Object(Illuminate\\Http\\Request))
#33 C:\\xampp\\htdocs\\villa\\villa\\vendor\\laravel\\framework\\src\\Illuminate\\Foundation\\Http\\Kernel.php(176): Illuminate\\Routing\\Router->dispatch(Object(Illuminate\\Http\\Request))
#34 C:\\xampp\\htdocs\\villa\\villa\\vendor\\laravel\\framework\\src\\Illuminate\\Routing\\Pipeline.php(30): Illuminate\\Foundation\\Http\\Kernel->Illuminate\\Foundation\\Http\\{closure}(Object(Illuminate\\Http\\Request))
#35 C:\\xampp\\htdocs\\villa\\villa\\vendor\\fideloper\\proxy\\src\\TrustProxies.php(57): Illuminate\\Routing\\Pipeline->Illuminate\\Routing\\{closure}(Object(Illuminate\\Http\\Request))
#36 C:\\xampp\\htdocs\\villa\\villa\\vendor\\laravel\\framework\\src\\Illuminate\\Pipeline\\Pipeline.php(149): Fideloper\\Proxy\\TrustProxies->handle(Object(Illuminate\\Http\\Request), Object(Closure))
#37 C:\\xampp\\htdocs\\villa\\villa\\vendor\\laravel\\framework\\src\\Illuminate\\Routing\\Pipeline.php(53): Illuminate\\Pipeline\\Pipeline->Illuminate\\Pipeline\\{closure}(Object(Illuminate\\Http\\Request))
#38 C:\\xampp\\htdocs\\villa\\villa\\vendor\\laravel\\framework\\src\\Illuminate\\Foundation\\Http\\Middleware\\TransformsRequest.php(30): Illuminate\\Routing\\Pipeline->Illuminate\\Routing\\{closure}(Object(Illuminate\\Http\\Request))
#39 C:\\xampp\\htdocs\\villa\\villa\\vendor\\laravel\\framework\\src\\Illuminate\\Pipeline\\Pipeline.php(149): Illuminate\\Foundation\\Http\\Middleware\\TransformsRequest->handle(Object(Illuminate\\Http\\Request), Object(Closure))
#40 C:\\xampp\\htdocs\\villa\\villa\\vendor\\laravel\\framework\\src\\Illuminate\\Routing\\Pipeline.php(53): Illuminate\\Pipeline\\Pipeline->Illuminate\\Pipeline\\{closure}(Object(Illuminate\\Http\\Request))
#41 C:\\xampp\\htdocs\\villa\\villa\\vendor\\laravel\\framework\\src\\Illuminate\\Foundation\\Http\\Middleware\\TransformsRequest.php(30): Illuminate\\Routing\\Pipeline->Illuminate\\Routing\\{closure}(Object(Illuminate\\Http\\Request))
#42 C:\\xampp\\htdocs\\villa\\villa\\vendor\\laravel\\framework\\src\\Illuminate\\Pipeline\\Pipeline.php(149): Illuminate\\Foundation\\Http\\Middleware\\TransformsRequest->handle(Object(Illuminate\\Http\\Request), Object(Closure))
#43 C:\\xampp\\htdocs\\villa\\villa\\vendor\\laravel\\framework\\src\\Illuminate\\Routing\\Pipeline.php(53): Illuminate\\Pipeline\\Pipeline->Illuminate\\Pipeline\\{closure}(Object(Illuminate\\Http\\Request))
#44 C:\\xampp\\htdocs\\villa\\villa\\vendor\\laravel\\framework\\src\\Illuminate\\Foundation\\Http\\Middleware\\ValidatePostSize.php(27): Illuminate\\Routing\\Pipeline->Illuminate\\Routing\\{closure}(Object(Illuminate\\Http\\Request))
#45 C:\\xampp\\htdocs\\villa\\villa\\vendor\\laravel\\framework\\src\\Illuminate\\Pipeline\\Pipeline.php(149): Illuminate\\Foundation\\Http\\Middleware\\ValidatePostSize->handle(Object(Illuminate\\Http\\Request), Object(Closure))
#46 C:\\xampp\\htdocs\\villa\\villa\\vendor\\laravel\\framework\\src\\Illuminate\\Routing\\Pipeline.php(53): Illuminate\\Pipeline\\Pipeline->Illuminate\\Pipeline\\{closure}(Object(Illuminate\\Http\\Request))
#47 C:\\xampp\\htdocs\\villa\\villa\\vendor\\laravel\\framework\\src\\Illuminate\\Foundation\\Http\\Middleware\\CheckForMaintenanceMode.php(46): Illuminate\\Routing\\Pipeline->Illuminate\\Routing\\{closure}(Object(Illuminate\\Http\\Request))
#48 C:\\xampp\\htdocs\\villa\\villa\\vendor\\laravel\\framework\\src\\Illuminate\\Pipeline\\Pipeline.php(149): Illuminate\\Foundation\\Http\\Middleware\\CheckForMaintenanceMode->handle(Object(Illuminate\\Http\\Request), Object(Closure))
#49 C:\\xampp\\htdocs\\villa\\villa\\vendor\\laravel\\framework\\src\\Illuminate\\Routing\\Pipeline.php(53): Illuminate\\Pipeline\\Pipeline->Illuminate\\Pipeline\\{closure}(Object(Illuminate\\Http\\Request))
#50 C:\\xampp\\htdocs\\villa\\villa\\vendor\\laravel\\framework\\src\\Illuminate\\Pipeline\\Pipeline.php(102): Illuminate\\Routing\\Pipeline->Illuminate\\Routing\\{closure}(Object(Illuminate\\Http\\Request))
#51 C:\\xampp\\htdocs\\villa\\villa\\vendor\\laravel\\framework\\src\\Illuminate\\Foundation\\Http\\Kernel.php(151): Illuminate\\Pipeline\\Pipeline->then(Object(Closure))
#52 C:\\xampp\\htdocs\\villa\\villa\\vendor\\laravel\\framework\\src\\Illuminate\\Foundation\\Http\\Kernel.php(116): Illuminate\\Foundation\\Http\\Kernel->sendRequestThroughRouter(Object(Illuminate\\Http\\Request))
#53 C:\\xampp\\htdocs\\villa\\villa\\public\\index.php(55): Illuminate\\Foundation\\Http\\Kernel->handle(Object(Illuminate\\Http\\Request))
#54 {main}
"} 
[2018-03-17 18:14:30] local.ERROR: count(): Parameter must be an array or an object that implements Countable {"exception":"[object] (ErrorException(code: 0): count(): Parameter must be an array or an object that implements Countable at C:\\xampp\\htdocs\\villa\\villa\\app\\Http\\Controllers\\users\\auth\\AuthController.php:110)
[stacktrace]
#0 [internal function]: Illuminate\\Foundation\\Bootstrap\\HandleExceptions->handleError(2, 'count(): Parame...', 'C:\\\\xampp\\\\htdocs...', 110, Array)
#1 C:\\xampp\\htdocs\\villa\\villa\\app\\Http\\Controllers\\users\\auth\\AuthController.php(110): count(NULL)
#2 [internal function]: App\\Http\\Controllers\\users\\auth\\AuthController->NewPassword(Object(Illuminate\\Http\\Request))
#3 C:\\xampp\\htdocs\\villa\\villa\\vendor\\laravel\\framework\\src\\Illuminate\\Routing\\Controller.php(54): call_user_func_array(Array, Array)
#4 C:\\xampp\\htdocs\\villa\\villa\\vendor\\laravel\\framework\\src\\Illuminate\\Routing\\ControllerDispatcher.php(45): Illuminate\\Routing\\Controller->callAction('NewPassword', Array)
#5 C:\\xampp\\htdocs\\villa\\villa\\vendor\\laravel\\framework\\src\\Illuminate\\Routing\\Route.php(212): Illuminate\\Routing\\ControllerDispatcher->dispatch(Object(Illuminate\\Routing\\Route), Object(App\\Http\\Controllers\\users\\auth\\AuthController), 'NewPassword')
#6 C:\\xampp\\htdocs\\villa\\villa\\vendor\\laravel\\framework\\src\\Illuminate\\Routing\\Route.php(169): Illuminate\\Routing\\Route->runController()
#7 C:\\xampp\\htdocs\\villa\\villa\\vendor\\laravel\\framework\\src\\Illuminate\\Routing\\Router.php(659): Illuminate\\Routing\\Route->run()
#8 C:\\xampp\\htdocs\\villa\\villa\\vendor\\laravel\\framework\\src\\Illuminate\\Routing\\Pipeline.php(30): Illuminate\\Routing\\Router->Illuminate\\Routing\\{closure}(Object(Illuminate\\Http\\Request))
#9 C:\\xampp\\htdocs\\villa\\villa\\app\\Http\\Middleware\\RedirectIfAuthenticated.php(28): Illuminate\\Routing\\Pipeline->Illuminate\\Routing\\{closure}(Object(Illuminate\\Http\\Request))
#10 C:\\xampp\\htdocs\\villa\\villa\\vendor\\laravel\\framework\\src\\Illuminate\\Pipeline\\Pipeline.php(149): App\\Http\\Middleware\\RedirectIfAuthenticated->handle(Object(Illuminate\\Http\\Request), Object(Closure), 'user')
#11 C:\\xampp\\htdocs\\villa\\villa\\vendor\\laravel\\framework\\src\\Illuminate\\Routing\\Pipeline.php(53): Illuminate\\Pipeline\\Pipeline->Illuminate\\Pipeline\\{closure}(Object(Illuminate\\Http\\Request))
#12 C:\\xampp\\htdocs\\villa\\villa\\vendor\\laravel\\framework\\src\\Illuminate\\Routing\\Middleware\\SubstituteBindings.php(41): Illuminate\\Routing\\Pipeline->Illuminate\\Routing\\{closure}(Object(Illuminate\\Http\\Request))
#13 C:\\xampp\\htdocs\\villa\\villa\\vendor\\laravel\\framework\\src\\Illuminate\\Pipeline\\Pipeline.php(149): Illuminate\\Routing\\Middleware\\SubstituteBindings->handle(Object(Illuminate\\Http\\Request), Object(Closure))
#14 C:\\xampp\\htdocs\\villa\\villa\\vendor\\laravel\\framework\\src\\Illuminate\\Routing\\Pipeline.php(53): Illuminate\\Pipeline\\Pipeline->Illuminate\\Pipeline\\{closure}(Object(Illuminate\\Http\\Request))
#15 C:\\xampp\\htdocs\\villa\\villa\\vendor\\laravel\\framework\\src\\Illuminate\\Foundation\\Http\\Middleware\\VerifyCsrfToken.php(67): Illuminate\\Routing\\Pipeline->Illuminate\\Routing\\{closure}(Object(Illuminate\\Http\\Request))
#16 C:\\xampp\\htdocs\\villa\\villa\\vendor\\laravel\\framework\\src\\Illuminate\\Pipeline\\Pipeline.php(149): Illuminate\\Foundation\\Http\\Middleware\\VerifyCsrfToken->handle(Object(Illuminate\\Http\\Request), Object(Closure))
#17 C:\\xampp\\htdocs\\villa\\villa\\vendor\\laravel\\framework\\src\\Illuminate\\Routing\\Pipeline.php(53): Illuminate\\Pipeline\\Pipeline->Illuminate\\Pipeline\\{closure}(Object(Illuminate\\Http\\Request))
#18 C:\\xampp\\htdocs\\villa\\villa\\vendor\\laravel\\framework\\src\\Illuminate\\View\\Middleware\\ShareErrorsFromSession.php(49): Illuminate\\Routing\\Pipeline->Illuminate\\Routing\\{closure}(Object(Illuminate\\Http\\Request))
#19 C:\\xampp\\htdocs\\villa\\villa\\vendor\\laravel\\framework\\src\\Illuminate\\Pipeline\\Pipeline.php(149): Illuminate\\View\\Middleware\\ShareErrorsFromSession->handle(Object(Illuminate\\Http\\Request), Object(Closure))
#20 C:\\xampp\\htdocs\\villa\\villa\\vendor\\laravel\\framework\\src\\Illuminate\\Routing\\Pipeline.php(53): Illuminate\\Pipeline\\Pipeline->Illuminate\\Pipeline\\{closure}(Object(Illuminate\\Http\\Request))
#21 C:\\xampp\\htdocs\\villa\\villa\\vendor\\laravel\\framework\\src\\Illuminate\\Session\\Middleware\\StartSession.php(63): Illuminate\\Routing\\Pipeline->Illuminate\\Routing\\{closure}(Object(Illuminate\\Http\\Request))
#22 C:\\xampp\\htdocs\\villa\\villa\\vendor\\laravel\\framework\\src\\Illuminate\\Pipeline\\Pipeline.php(149): Illuminate\\Session\\Middleware\\StartSession->handle(Object(Illuminate\\Http\\Request), Object(Closure))
#23 C:\\xampp\\htdocs\\villa\\villa\\vendor\\laravel\\framework\\src\\Illuminate\\Routing\\Pipeline.php(53): Illuminate\\Pipeline\\Pipeline->Illuminate\\Pipeline\\{closure}(Object(Illuminate\\Http\\Request))
#24 C:\\xampp\\htdocs\\villa\\villa\\vendor\\laravel\\framework\\src\\Illuminate\\Cookie\\Middleware\\AddQueuedCookiesToResponse.php(37): Illuminate\\Routing\\Pipeline->Illuminate\\Routing\\{closure}(Object(Illuminate\\Http\\Request))
#25 C:\\xampp\\htdocs\\villa\\villa\\vendor\\laravel\\framework\\src\\Illuminate\\Pipeline\\Pipeline.php(149): Illuminate\\Cookie\\Middleware\\AddQueuedCookiesToResponse->handle(Object(Illuminate\\Http\\Request), Object(Closure))
#26 C:\\xampp\\htdocs\\villa\\villa\\vendor\\laravel\\framework\\src\\Illuminate\\Routing\\Pipeline.php(53): Illuminate\\Pipeline\\Pipeline->Illuminate\\Pipeline\\{closure}(Object(Illuminate\\Http\\Request))
#27 C:\\xampp\\htdocs\\villa\\villa\\vendor\\laravel\\framework\\src\\Illuminate\\Cookie\\Middleware\\EncryptCookies.php(59): Illuminate\\Routing\\Pipeline->Illuminate\\Routing\\{closure}(Object(Illuminate\\Http\\Request))
#28 C:\\xampp\\htdocs\\villa\\villa\\vendor\\laravel\\framework\\src\\Illuminate\\Pipeline\\Pipeline.php(149): Illuminate\\Cookie\\Middleware\\EncryptCookies->handle(Object(Illuminate\\Http\\Request), Object(Closure))
#29 C:\\xampp\\htdocs\\villa\\villa\\vendor\\laravel\\framework\\src\\Illuminate\\Routing\\Pipeline.php(53): Illuminate\\Pipeline\\Pipeline->Illuminate\\Pipeline\\{closure}(Object(Illuminate\\Http\\Request))
#30 C:\\xampp\\htdocs\\villa\\villa\\vendor\\laravel\\framework\\src\\Illuminate\\Pipeline\\Pipeline.php(102): Illuminate\\Routing\\Pipeline->Illuminate\\Routing\\{closure}(Object(Illuminate\\Http\\Request))
#31 C:\\xampp\\htdocs\\villa\\villa\\vendor\\laravel\\framework\\src\\Illuminate\\Routing\\Router.php(661): Illuminate\\Pipeline\\Pipeline->then(Object(Closure))
#32 C:\\xampp\\htdocs\\villa\\villa\\vendor\\laravel\\framework\\src\\Illuminate\\Routing\\Router.php(636): Illuminate\\Routing\\Router->runRouteWithinStack(Object(Illuminate\\Routing\\Route), Object(Illuminate\\Http\\Request))
#33 C:\\xampp\\htdocs\\villa\\villa\\vendor\\laravel\\framework\\src\\Illuminate\\Routing\\Router.php(602): Illuminate\\Routing\\Router->runRoute(Object(Illuminate\\Http\\Request), Object(Illuminate\\Routing\\Route))
#34 C:\\xampp\\htdocs\\villa\\villa\\vendor\\laravel\\framework\\src\\Illuminate\\Routing\\Router.php(591): Illuminate\\Routing\\Router->dispatchToRoute(Object(Illuminate\\Http\\Request))
#35 C:\\xampp\\htdocs\\villa\\villa\\vendor\\laravel\\framework\\src\\Illuminate\\Foundation\\Http\\Kernel.php(176): Illuminate\\Routing\\Router->dispatch(Object(Illuminate\\Http\\Request))
#36 C:\\xampp\\htdocs\\villa\\villa\\vendor\\laravel\\framework\\src\\Illuminate\\Routing\\Pipeline.php(30): Illuminate\\Foundation\\Http\\Kernel->Illuminate\\Foundation\\Http\\{closure}(Object(Illuminate\\Http\\Request))
#37 C:\\xampp\\htdocs\\villa\\villa\\vendor\\fideloper\\proxy\\src\\TrustProxies.php(57): Illuminate\\Routing\\Pipeline->Illuminate\\Routing\\{closure}(Object(Illuminate\\Http\\Request))
#38 C:\\xampp\\htdocs\\villa\\villa\\vendor\\laravel\\framework\\src\\Illuminate\\Pipeline\\Pipeline.php(149): Fideloper\\Proxy\\TrustProxies->handle(Object(Illuminate\\Http\\Request), Object(Closure))
#39 C:\\xampp\\htdocs\\villa\\villa\\vendor\\laravel\\framework\\src\\Illuminate\\Routing\\Pipeline.php(53): Illuminate\\Pipeline\\Pipeline->Illuminate\\Pipeline\\{closure}(Object(Illuminate\\Http\\Request))
#40 C:\\xampp\\htdocs\\villa\\villa\\vendor\\laravel\\framework\\src\\Illuminate\\Foundation\\Http\\Middleware\\TransformsRequest.php(30): Illuminate\\Routing\\Pipeline->Illuminate\\Routing\\{closure}(Object(Illuminate\\Http\\Request))
#41 C:\\xampp\\htdocs\\villa\\villa\\vendor\\laravel\\framework\\src\\Illuminate\\Pipeline\\Pipeline.php(149): Illuminate\\Foundation\\Http\\Middleware\\TransformsRequest->handle(Object(Illuminate\\Http\\Request), Object(Closure))
#42 C:\\xampp\\htdocs\\villa\\villa\\vendor\\laravel\\framework\\src\\Illuminate\\Routing\\Pipeline.php(53): Illuminate\\Pipeline\\Pipeline->Illuminate\\Pipeline\\{closure}(Object(Illuminate\\Http\\Request))
#43 C:\\xampp\\htdocs\\villa\\villa\\vendor\\laravel\\framework\\src\\Illuminate\\Foundation\\Http\\Middleware\\TransformsRequest.php(30): Illuminate\\Routing\\Pipeline->Illuminate\\Routing\\{closure}(Object(Illuminate\\Http\\Request))
#44 C:\\xampp\\htdocs\\villa\\villa\\vendor\\laravel\\framework\\src\\Illuminate\\Pipeline\\Pipeline.php(149): Illuminate\\Foundation\\Http\\Middleware\\TransformsRequest->handle(Object(Illuminate\\Http\\Request), Object(Closure))
#45 C:\\xampp\\htdocs\\villa\\villa\\vendor\\laravel\\framework\\src\\Illuminate\\Routing\\Pipeline.php(53): Illuminate\\Pipeline\\Pipeline->Illuminate\\Pipeline\\{closure}(Object(Illuminate\\Http\\Request))
#46 C:\\xampp\\htdocs\\villa\\villa\\vendor\\laravel\\framework\\src\\Illuminate\\Foundation\\Http\\Middleware\\ValidatePostSize.php(27): Illuminate\\Routing\\Pipeline->Illuminate\\Routing\\{closure}(Object(Illuminate\\Http\\Request))
#47 C:\\xampp\\htdocs\\villa\\villa\\vendor\\laravel\\framework\\src\\Illuminate\\Pipeline\\Pipeline.php(149): Illuminate\\Foundation\\Http\\Middleware\\ValidatePostSize->handle(Object(Illuminate\\Http\\Request), Object(Closure))
#48 C:\\xampp\\htdocs\\villa\\villa\\vendor\\laravel\\framework\\src\\Illuminate\\Routing\\Pipeline.php(53): Illuminate\\Pipeline\\Pipeline->Illuminate\\Pipeline\\{closure}(Object(Illuminate\\Http\\Request))
#49 C:\\xampp\\htdocs\\villa\\villa\\vendor\\laravel\\framework\\src\\Illuminate\\Foundation\\Http\\Middleware\\CheckForMaintenanceMode.php(46): Illuminate\\Routing\\Pipeline->Illuminate\\Routing\\{closure}(Object(Illuminate\\Http\\Request))
#50 C:\\xampp\\htdocs\\villa\\villa\\vendor\\laravel\\framework\\src\\Illuminate\\Pipeline\\Pipeline.php(149): Illuminate\\Foundation\\Http\\Middleware\\CheckForMaintenanceMode->handle(Object(Illuminate\\Http\\Request), Object(Closure))
#51 C:\\xampp\\htdocs\\villa\\villa\\vendor\\laravel\\framework\\src\\Illuminate\\Routing\\Pipeline.php(53): Illuminate\\Pipeline\\Pipeline->Illuminate\\Pipeline\\{closure}(Object(Illuminate\\Http\\Request))
#52 C:\\xampp\\htdocs\\villa\\villa\\vendor\\laravel\\framework\\src\\Illuminate\\Pipeline\\Pipeline.php(102): Illuminate\\Routing\\Pipeline->Illuminate\\Routing\\{closure}(Object(Illuminate\\Http\\Request))
#53 C:\\xampp\\htdocs\\villa\\villa\\vendor\\laravel\\framework\\src\\Illuminate\\Foundation\\Http\\Kernel.php(151): Illuminate\\Pipeline\\Pipeline->then(Object(Closure))
#54 C:\\xampp\\htdocs\\villa\\villa\\vendor\\laravel\\framework\\src\\Illuminate\\Foundation\\Http\\Kernel.php(116): Illuminate\\Foundation\\Http\\Kernel->sendRequestThroughRouter(Object(Illuminate\\Http\\Request))
#55 C:\\xampp\\htdocs\\villa\\villa\\public\\index.php(55): Illuminate\\Foundation\\Http\\Kernel->handle(Object(Illuminate\\Http\\Request))
#56 {main}
"} 
[2018-03-17 18:15:11] local.ERROR: Call to a member function get() on null {"exception":"[object] (Symfony\\Component\\Debug\\Exception\\FatalThrowableError(code: 0): Call to a member function get() on null at C:\\xampp\\htdocs\\villa\\villa\\app\\Http\\Controllers\\users\\auth\\AuthController.php:109)
[stacktrace]
#0 [internal function]: App\\Http\\Controllers\\users\\auth\\AuthController->NewPassword(Object(Illuminate\\Http\\Request))
#1 C:\\xampp\\htdocs\\villa\\villa\\vendor\\laravel\\framework\\src\\Illuminate\\Routing\\Controller.php(54): call_user_func_array(Array, Array)
#2 C:\\xampp\\htdocs\\villa\\villa\\vendor\\laravel\\framework\\src\\Illuminate\\Routing\\ControllerDispatcher.php(45): Illuminate\\Routing\\Controller->callAction('NewPassword', Array)
#3 C:\\xampp\\htdocs\\villa\\villa\\vendor\\laravel\\framework\\src\\Illuminate\\Routing\\Route.php(212): Illuminate\\Routing\\ControllerDispatcher->dispatch(Object(Illuminate\\Routing\\Route), Object(App\\Http\\Controllers\\users\\auth\\AuthController), 'NewPassword')
#4 C:\\xampp\\htdocs\\villa\\villa\\vendor\\laravel\\framework\\src\\Illuminate\\Routing\\Route.php(169): Illuminate\\Routing\\Route->runController()
#5 C:\\xampp\\htdocs\\villa\\villa\\vendor\\laravel\\framework\\src\\Illuminate\\Routing\\Router.php(659): Illuminate\\Routing\\Route->run()
#6 C:\\xampp\\htdocs\\villa\\villa\\vendor\\laravel\\framework\\src\\Illuminate\\Routing\\Pipeline.php(30): Illuminate\\Routing\\Router->Illuminate\\Routing\\{closure}(Object(Illuminate\\Http\\Request))
#7 C:\\xampp\\htdocs\\villa\\villa\\app\\Http\\Middleware\\RedirectIfAuthenticated.php(28): Illuminate\\Routing\\Pipeline->Illuminate\\Routing\\{closure}(Object(Illuminate\\Http\\Request))
#8 C:\\xampp\\htdocs\\villa\\villa\\vendor\\laravel\\framework\\src\\Illuminate\\Pipeline\\Pipeline.php(149): App\\Http\\Middleware\\RedirectIfAuthenticated->handle(Object(Illuminate\\Http\\Request), Object(Closure), 'user')
#9 C:\\xampp\\htdocs\\villa\\villa\\vendor\\laravel\\framework\\src\\Illuminate\\Routing\\Pipeline.php(53): Illuminate\\Pipeline\\Pipeline->Illuminate\\Pipeline\\{closure}(Object(Illuminate\\Http\\Request))
#10 C:\\xampp\\htdocs\\villa\\villa\\vendor\\laravel\\framework\\src\\Illuminate\\Routing\\Middleware\\SubstituteBindings.php(41): Illuminate\\Routing\\Pipeline->Illuminate\\Routing\\{closure}(Object(Illuminate\\Http\\Request))
#11 C:\\xampp\\htdocs\\villa\\villa\\vendor\\laravel\\framework\\src\\Illuminate\\Pipeline\\Pipeline.php(149): Illuminate\\Routing\\Middleware\\SubstituteBindings->handle(Object(Illuminate\\Http\\Request), Object(Closure))
#12 C:\\xampp\\htdocs\\villa\\villa\\vendor\\laravel\\framework\\src\\Illuminate\\Routing\\Pipeline.php(53): Illuminate\\Pipeline\\Pipeline->Illuminate\\Pipeline\\{closure}(Object(Illuminate\\Http\\Request))
#13 C:\\xampp\\htdocs\\villa\\villa\\vendor\\laravel\\framework\\src\\Illuminate\\Foundation\\Http\\Middleware\\VerifyCsrfToken.php(67): Illuminate\\Routing\\Pipeline->Illuminate\\Routing\\{closure}(Object(Illuminate\\Http\\Request))
#14 C:\\xampp\\htdocs\\villa\\villa\\vendor\\laravel\\framework\\src\\Illuminate\\Pipeline\\Pipeline.php(149): Illuminate\\Foundation\\Http\\Middleware\\VerifyCsrfToken->handle(Object(Illuminate\\Http\\Request), Object(Closure))
#15 C:\\xampp\\htdocs\\villa\\villa\\vendor\\laravel\\framework\\src\\Illuminate\\Routing\\Pipeline.php(53): Illuminate\\Pipeline\\Pipeline->Illuminate\\Pipeline\\{closure}(Object(Illuminate\\Http\\Request))
#16 C:\\xampp\\htdocs\\villa\\villa\\vendor\\laravel\\framework\\src\\Illuminate\\View\\Middleware\\ShareErrorsFromSession.php(49): Illuminate\\Routing\\Pipeline->Illuminate\\Routing\\{closure}(Object(Illuminate\\Http\\Request))
#17 C:\\xampp\\htdocs\\villa\\villa\\vendor\\laravel\\framework\\src\\Illuminate\\Pipeline\\Pipeline.php(149): Illuminate\\View\\Middleware\\ShareErrorsFromSession->handle(Object(Illuminate\\Http\\Request), Object(Closure))
#18 C:\\xampp\\htdocs\\villa\\villa\\vendor\\laravel\\framework\\src\\Illuminate\\Routing\\Pipeline.php(53): Illuminate\\Pipeline\\Pipeline->Illuminate\\Pipeline\\{closure}(Object(Illuminate\\Http\\Request))
#19 C:\\xampp\\htdocs\\villa\\villa\\vendor\\laravel\\framework\\src\\Illuminate\\Session\\Middleware\\StartSession.php(63): Illuminate\\Routing\\Pipeline->Illuminate\\Routing\\{closure}(Object(Illuminate\\Http\\Request))
#20 C:\\xampp\\htdocs\\villa\\villa\\vendor\\laravel\\framework\\src\\Illuminate\\Pipeline\\Pipeline.php(149): Illuminate\\Session\\Middleware\\StartSession->handle(Object(Illuminate\\Http\\Request), Object(Closure))
#21 C:\\xampp\\htdocs\\villa\\villa\\vendor\\laravel\\framework\\src\\Illuminate\\Routing\\Pipeline.php(53): Illuminate\\Pipeline\\Pipeline->Illuminate\\Pipeline\\{closure}(Object(Illuminate\\Http\\Request))
#22 C:\\xampp\\htdocs\\villa\\villa\\vendor\\laravel\\framework\\src\\Illuminate\\Cookie\\Middleware\\AddQueuedCookiesToResponse.php(37): Illuminate\\Routing\\Pipeline->Illuminate\\Routing\\{closure}(Object(Illuminate\\Http\\Request))
#23 C:\\xampp\\htdocs\\villa\\villa\\vendor\\laravel\\framework\\src\\Illuminate\\Pipeline\\Pipeline.php(149): Illuminate\\Cookie\\Middleware\\AddQueuedCookiesToResponse->handle(Object(Illuminate\\Http\\Request), Object(Closure))
#24 C:\\xampp\\htdocs\\villa\\villa\\vendor\\laravel\\framework\\src\\Illuminate\\Routing\\Pipeline.php(53): Illuminate\\Pipeline\\Pipeline->Illuminate\\Pipeline\\{closure}(Object(Illuminate\\Http\\Request))
#25 C:\\xampp\\htdocs\\villa\\villa\\vendor\\laravel\\framework\\src\\Illuminate\\Cookie\\Middleware\\EncryptCookies.php(59): Illuminate\\Routing\\Pipeline->Illuminate\\Routing\\{closure}(Object(Illuminate\\Http\\Request))
#26 C:\\xampp\\htdocs\\villa\\villa\\vendor\\laravel\\framework\\src\\Illuminate\\Pipeline\\Pipeline.php(149): Illuminate\\Cookie\\Middleware\\EncryptCookies->handle(Object(Illuminate\\Http\\Request), Object(Closure))
#27 C:\\xampp\\htdocs\\villa\\villa\\vendor\\laravel\\framework\\src\\Illuminate\\Routing\\Pipeline.php(53): Illuminate\\Pipeline\\Pipeline->Illuminate\\Pipeline\\{closure}(Object(Illuminate\\Http\\Request))
#28 C:\\xampp\\htdocs\\villa\\villa\\vendor\\laravel\\framework\\src\\Illuminate\\Pipeline\\Pipeline.php(102): Illuminate\\Routing\\Pipeline->Illuminate\\Routing\\{closure}(Object(Illuminate\\Http\\Request))
#29 C:\\xampp\\htdocs\\villa\\villa\\vendor\\laravel\\framework\\src\\Illuminate\\Routing\\Router.php(661): Illuminate\\Pipeline\\Pipeline->then(Object(Closure))
#30 C:\\xampp\\htdocs\\villa\\villa\\vendor\\laravel\\framework\\src\\Illuminate\\Routing\\Router.php(636): Illuminate\\Routing\\Router->runRouteWithinStack(Object(Illuminate\\Routing\\Route), Object(Illuminate\\Http\\Request))
#31 C:\\xampp\\htdocs\\villa\\villa\\vendor\\laravel\\framework\\src\\Illuminate\\Routing\\Router.php(602): Illuminate\\Routing\\Router->runRoute(Object(Illuminate\\Http\\Request), Object(Illuminate\\Routing\\Route))
#32 C:\\xampp\\htdocs\\villa\\villa\\vendor\\laravel\\framework\\src\\Illuminate\\Routing\\Router.php(591): Illuminate\\Routing\\Router->dispatchToRoute(Object(Illuminate\\Http\\Request))
#33 C:\\xampp\\htdocs\\villa\\villa\\vendor\\laravel\\framework\\src\\Illuminate\\Foundation\\Http\\Kernel.php(176): Illuminate\\Routing\\Router->dispatch(Object(Illuminate\\Http\\Request))
#34 C:\\xampp\\htdocs\\villa\\villa\\vendor\\laravel\\framework\\src\\Illuminate\\Routing\\Pipeline.php(30): Illuminate\\Foundation\\Http\\Kernel->Illuminate\\Foundation\\Http\\{closure}(Object(Illuminate\\Http\\Request))
#35 C:\\xampp\\htdocs\\villa\\villa\\vendor\\fideloper\\proxy\\src\\TrustProxies.php(57): Illuminate\\Routing\\Pipeline->Illuminate\\Routing\\{closure}(Object(Illuminate\\Http\\Request))
#36 C:\\xampp\\htdocs\\villa\\villa\\vendor\\laravel\\framework\\src\\Illuminate\\Pipeline\\Pipeline.php(149): Fideloper\\Proxy\\TrustProxies->handle(Object(Illuminate\\Http\\Request), Object(Closure))
#37 C:\\xampp\\htdocs\\villa\\villa\\vendor\\laravel\\framework\\src\\Illuminate\\Routing\\Pipeline.php(53): Illuminate\\Pipeline\\Pipeline->Illuminate\\Pipeline\\{closure}(Object(Illuminate\\Http\\Request))
#38 C:\\xampp\\htdocs\\villa\\villa\\vendor\\laravel\\framework\\src\\Illuminate\\Foundation\\Http\\Middleware\\TransformsRequest.php(30): Illuminate\\Routing\\Pipeline->Illuminate\\Routing\\{closure}(Object(Illuminate\\Http\\Request))
#39 C:\\xampp\\htdocs\\villa\\villa\\vendor\\laravel\\framework\\src\\Illuminate\\Pipeline\\Pipeline.php(149): Illuminate\\Foundation\\Http\\Middleware\\TransformsRequest->handle(Object(Illuminate\\Http\\Request), Object(Closure))
#40 C:\\xampp\\htdocs\\villa\\villa\\vendor\\laravel\\framework\\src\\Illuminate\\Routing\\Pipeline.php(53): Illuminate\\Pipeline\\Pipeline->Illuminate\\Pipeline\\{closure}(Object(Illuminate\\Http\\Request))
#41 C:\\xampp\\htdocs\\villa\\villa\\vendor\\laravel\\framework\\src\\Illuminate\\Foundation\\Http\\Middleware\\TransformsRequest.php(30): Illuminate\\Routing\\Pipeline->Illuminate\\Routing\\{closure}(Object(Illuminate\\Http\\Request))
#42 C:\\xampp\\htdocs\\villa\\villa\\vendor\\laravel\\framework\\src\\Illuminate\\Pipeline\\Pipeline.php(149): Illuminate\\Foundation\\Http\\Middleware\\TransformsRequest->handle(Object(Illuminate\\Http\\Request), Object(Closure))
#43 C:\\xampp\\htdocs\\villa\\villa\\vendor\\laravel\\framework\\src\\Illuminate\\Routing\\Pipeline.php(53): Illuminate\\Pipeline\\Pipeline->Illuminate\\Pipeline\\{closure}(Object(Illuminate\\Http\\Request))
#44 C:\\xampp\\htdocs\\villa\\villa\\vendor\\laravel\\framework\\src\\Illuminate\\Foundation\\Http\\Middleware\\ValidatePostSize.php(27): Illuminate\\Routing\\Pipeline->Illuminate\\Routing\\{closure}(Object(Illuminate\\Http\\Request))
#45 C:\\xampp\\htdocs\\villa\\villa\\vendor\\laravel\\framework\\src\\Illuminate\\Pipeline\\Pipeline.php(149): Illuminate\\Foundation\\Http\\Middleware\\ValidatePostSize->handle(Object(Illuminate\\Http\\Request), Object(Closure))
#46 C:\\xampp\\htdocs\\villa\\villa\\vendor\\laravel\\framework\\src\\Illuminate\\Routing\\Pipeline.php(53): Illuminate\\Pipeline\\Pipeline->Illuminate\\Pipeline\\{closure}(Object(Illuminate\\Http\\Request))
#47 C:\\xampp\\htdocs\\villa\\villa\\vendor\\laravel\\framework\\src\\Illuminate\\Foundation\\Http\\Middleware\\CheckForMaintenanceMode.php(46): Illuminate\\Routing\\Pipeline->Illuminate\\Routing\\{closure}(Object(Illuminate\\Http\\Request))
#48 C:\\xampp\\htdocs\\villa\\villa\\vendor\\laravel\\framework\\src\\Illuminate\\Pipeline\\Pipeline.php(149): Illuminate\\Foundation\\Http\\Middleware\\CheckForMaintenanceMode->handle(Object(Illuminate\\Http\\Request), Object(Closure))
#49 C:\\xampp\\htdocs\\villa\\villa\\vendor\\laravel\\framework\\src\\Illuminate\\Routing\\Pipeline.php(53): Illuminate\\Pipeline\\Pipeline->Illuminate\\Pipeline\\{closure}(Object(Illuminate\\Http\\Request))
#50 C:\\xampp\\htdocs\\villa\\villa\\vendor\\laravel\\framework\\src\\Illuminate\\Pipeline\\Pipeline.php(102): Illuminate\\Routing\\Pipeline->Illuminate\\Routing\\{closure}(Object(Illuminate\\Http\\Request))
#51 C:\\xampp\\htdocs\\villa\\villa\\vendor\\laravel\\framework\\src\\Illuminate\\Foundation\\Http\\Kernel.php(151): Illuminate\\Pipeline\\Pipeline->then(Object(Closure))
#52 C:\\xampp\\htdocs\\villa\\villa\\vendor\\laravel\\framework\\src\\Illuminate\\Foundation\\Http\\Kernel.php(116): Illuminate\\Foundation\\Http\\Kernel->sendRequestThroughRouter(Object(Illuminate\\Http\\Request))
#53 C:\\xampp\\htdocs\\villa\\villa\\public\\index.php(55): Illuminate\\Foundation\\Http\\Kernel->handle(Object(Illuminate\\Http\\Request))
#54 {main}
"} 
[2018-03-17 18:15:22] local.ERROR: count(): Parameter must be an array or an object that implements Countable {"exception":"[object] (ErrorException(code: 0): count(): Parameter must be an array or an object that implements Countable at C:\\xampp\\htdocs\\villa\\villa\\app\\Http\\Controllers\\users\\auth\\AuthController.php:110)
[stacktrace]
#0 [internal function]: Illuminate\\Foundation\\Bootstrap\\HandleExceptions->handleError(2, 'count(): Parame...', 'C:\\\\xampp\\\\htdocs...', 110, Array)
#1 C:\\xampp\\htdocs\\villa\\villa\\app\\Http\\Controllers\\users\\auth\\AuthController.php(110): count(NULL)
#2 [internal function]: App\\Http\\Controllers\\users\\auth\\AuthController->NewPassword(Object(Illuminate\\Http\\Request))
#3 C:\\xampp\\htdocs\\villa\\villa\\vendor\\laravel\\framework\\src\\Illuminate\\Routing\\Controller.php(54): call_user_func_array(Array, Array)
#4 C:\\xampp\\htdocs\\villa\\villa\\vendor\\laravel\\framework\\src\\Illuminate\\Routing\\ControllerDispatcher.php(45): Illuminate\\Routing\\Controller->callAction('NewPassword', Array)
#5 C:\\xampp\\htdocs\\villa\\villa\\vendor\\laravel\\framework\\src\\Illuminate\\Routing\\Route.php(212): Illuminate\\Routing\\ControllerDispatcher->dispatch(Object(Illuminate\\Routing\\Route), Object(App\\Http\\Controllers\\users\\auth\\AuthController), 'NewPassword')
#6 C:\\xampp\\htdocs\\villa\\villa\\vendor\\laravel\\framework\\src\\Illuminate\\Routing\\Route.php(169): Illuminate\\Routing\\Route->runController()
#7 C:\\xampp\\htdocs\\villa\\villa\\vendor\\laravel\\framework\\src\\Illuminate\\Routing\\Router.php(659): Illuminate\\Routing\\Route->run()
#8 C:\\xampp\\htdocs\\villa\\villa\\vendor\\laravel\\framework\\src\\Illuminate\\Routing\\Pipeline.php(30): Illuminate\\Routing\\Router->Illuminate\\Routing\\{closure}(Object(Illuminate\\Http\\Request))
#9 C:\\xampp\\htdocs\\villa\\villa\\app\\Http\\Middleware\\RedirectIfAuthenticated.php(28): Illuminate\\Routing\\Pipeline->Illuminate\\Routing\\{closure}(Object(Illuminate\\Http\\Request))
#10 C:\\xampp\\htdocs\\villa\\villa\\vendor\\laravel\\framework\\src\\Illuminate\\Pipeline\\Pipeline.php(149): App\\Http\\Middleware\\RedirectIfAuthenticated->handle(Object(Illuminate\\Http\\Request), Object(Closure), 'user')
#11 C:\\xampp\\htdocs\\villa\\villa\\vendor\\laravel\\framework\\src\\Illuminate\\Routing\\Pipeline.php(53): Illuminate\\Pipeline\\Pipeline->Illuminate\\Pipeline\\{closure}(Object(Illuminate\\Http\\Request))
#12 C:\\xampp\\htdocs\\villa\\villa\\vendor\\laravel\\framework\\src\\Illuminate\\Routing\\Middleware\\SubstituteBindings.php(41): Illuminate\\Routing\\Pipeline->Illuminate\\Routing\\{closure}(Object(Illuminate\\Http\\Request))
#13 C:\\xampp\\htdocs\\villa\\villa\\vendor\\laravel\\framework\\src\\Illuminate\\Pipeline\\Pipeline.php(149): Illuminate\\Routing\\Middleware\\SubstituteBindings->handle(Object(Illuminate\\Http\\Request), Object(Closure))
#14 C:\\xampp\\htdocs\\villa\\villa\\vendor\\laravel\\framework\\src\\Illuminate\\Routing\\Pipeline.php(53): Illuminate\\Pipeline\\Pipeline->Illuminate\\Pipeline\\{closure}(Object(Illuminate\\Http\\Request))
#15 C:\\xampp\\htdocs\\villa\\villa\\vendor\\laravel\\framework\\src\\Illuminate\\Foundation\\Http\\Middleware\\VerifyCsrfToken.php(67): Illuminate\\Routing\\Pipeline->Illuminate\\Routing\\{closure}(Object(Illuminate\\Http\\Request))
#16 C:\\xampp\\htdocs\\villa\\villa\\vendor\\laravel\\framework\\src\\Illuminate\\Pipeline\\Pipeline.php(149): Illuminate\\Foundation\\Http\\Middleware\\VerifyCsrfToken->handle(Object(Illuminate\\Http\\Request), Object(Closure))
#17 C:\\xampp\\htdocs\\villa\\villa\\vendor\\laravel\\framework\\src\\Illuminate\\Routing\\Pipeline.php(53): Illuminate\\Pipeline\\Pipeline->Illuminate\\Pipeline\\{closure}(Object(Illuminate\\Http\\Request))
#18 C:\\xampp\\htdocs\\villa\\villa\\vendor\\laravel\\framework\\src\\Illuminate\\View\\Middleware\\ShareErrorsFromSession.php(49): Illuminate\\Routing\\Pipeline->Illuminate\\Routing\\{closure}(Object(Illuminate\\Http\\Request))
#19 C:\\xampp\\htdocs\\villa\\villa\\vendor\\laravel\\framework\\src\\Illuminate\\Pipeline\\Pipeline.php(149): Illuminate\\View\\Middleware\\ShareErrorsFromSession->handle(Object(Illuminate\\Http\\Request), Object(Closure))
#20 C:\\xampp\\htdocs\\villa\\villa\\vendor\\laravel\\framework\\src\\Illuminate\\Routing\\Pipeline.php(53): Illuminate\\Pipeline\\Pipeline->Illuminate\\Pipeline\\{closure}(Object(Illuminate\\Http\\Request))
#21 C:\\xampp\\htdocs\\villa\\villa\\vendor\\laravel\\framework\\src\\Illuminate\\Session\\Middleware\\StartSession.php(63): Illuminate\\Routing\\Pipeline->Illuminate\\Routing\\{closure}(Object(Illuminate\\Http\\Request))
#22 C:\\xampp\\htdocs\\villa\\villa\\vendor\\laravel\\framework\\src\\Illuminate\\Pipeline\\Pipeline.php(149): Illuminate\\Session\\Middleware\\StartSession->handle(Object(Illuminate\\Http\\Request), Object(Closure))
#23 C:\\xampp\\htdocs\\villa\\villa\\vendor\\laravel\\framework\\src\\Illuminate\\Routing\\Pipeline.php(53): Illuminate\\Pipeline\\Pipeline->Illuminate\\Pipeline\\{closure}(Object(Illuminate\\Http\\Request))
#24 C:\\xampp\\htdocs\\villa\\villa\\vendor\\laravel\\framework\\src\\Illuminate\\Cookie\\Middleware\\AddQueuedCookiesToResponse.php(37): Illuminate\\Routing\\Pipeline->Illuminate\\Routing\\{closure}(Object(Illuminate\\Http\\Request))
#25 C:\\xampp\\htdocs\\villa\\villa\\vendor\\laravel\\framework\\src\\Illuminate\\Pipeline\\Pipeline.php(149): Illuminate\\Cookie\\Middleware\\AddQueuedCookiesToResponse->handle(Object(Illuminate\\Http\\Request), Object(Closure))
#26 C:\\xampp\\htdocs\\villa\\villa\\vendor\\laravel\\framework\\src\\Illuminate\\Routing\\Pipeline.php(53): Illuminate\\Pipeline\\Pipeline->Illuminate\\Pipeline\\{closure}(Object(Illuminate\\Http\\Request))
#27 C:\\xampp\\htdocs\\villa\\villa\\vendor\\laravel\\framework\\src\\Illuminate\\Cookie\\Middleware\\EncryptCookies.php(59): Illuminate\\Routing\\Pipeline->Illuminate\\Routing\\{closure}(Object(Illuminate\\Http\\Request))
#28 C:\\xampp\\htdocs\\villa\\villa\\vendor\\laravel\\framework\\src\\Illuminate\\Pipeline\\Pipeline.php(149): Illuminate\\Cookie\\Middleware\\EncryptCookies->handle(Object(Illuminate\\Http\\Request), Object(Closure))
#29 C:\\xampp\\htdocs\\villa\\villa\\vendor\\laravel\\framework\\src\\Illuminate\\Routing\\Pipeline.php(53): Illuminate\\Pipeline\\Pipeline->Illuminate\\Pipeline\\{closure}(Object(Illuminate\\Http\\Request))
#30 C:\\xampp\\htdocs\\villa\\villa\\vendor\\laravel\\framework\\src\\Illuminate\\Pipeline\\Pipeline.php(102): Illuminate\\Routing\\Pipeline->Illuminate\\Routing\\{closure}(Object(Illuminate\\Http\\Request))
#31 C:\\xampp\\htdocs\\villa\\villa\\vendor\\laravel\\framework\\src\\Illuminate\\Routing\\Router.php(661): Illuminate\\Pipeline\\Pipeline->then(Object(Closure))
#32 C:\\xampp\\htdocs\\villa\\villa\\vendor\\laravel\\framework\\src\\Illuminate\\Routing\\Router.php(636): Illuminate\\Routing\\Router->runRouteWithinStack(Object(Illuminate\\Routing\\Route), Object(Illuminate\\Http\\Request))
#33 C:\\xampp\\htdocs\\villa\\villa\\vendor\\laravel\\framework\\src\\Illuminate\\Routing\\Router.php(602): Illuminate\\Routing\\Router->runRoute(Object(Illuminate\\Http\\Request), Object(Illuminate\\Routing\\Route))
#34 C:\\xampp\\htdocs\\villa\\villa\\vendor\\laravel\\framework\\src\\Illuminate\\Routing\\Router.php(591): Illuminate\\Routing\\Router->dispatchToRoute(Object(Illuminate\\Http\\Request))
#35 C:\\xampp\\htdocs\\villa\\villa\\vendor\\laravel\\framework\\src\\Illuminate\\Foundation\\Http\\Kernel.php(176): Illuminate\\Routing\\Router->dispatch(Object(Illuminate\\Http\\Request))
#36 C:\\xampp\\htdocs\\villa\\villa\\vendor\\laravel\\framework\\src\\Illuminate\\Routing\\Pipeline.php(30): Illuminate\\Foundation\\Http\\Kernel->Illuminate\\Foundation\\Http\\{closure}(Object(Illuminate\\Http\\Request))
#37 C:\\xampp\\htdocs\\villa\\villa\\vendor\\fideloper\\proxy\\src\\TrustProxies.php(57): Illuminate\\Routing\\Pipeline->Illuminate\\Routing\\{closure}(Object(Illuminate\\Http\\Request))
#38 C:\\xampp\\htdocs\\villa\\villa\\vendor\\laravel\\framework\\src\\Illuminate\\Pipeline\\Pipeline.php(149): Fideloper\\Proxy\\TrustProxies->handle(Object(Illuminate\\Http\\Request), Object(Closure))
#39 C:\\xampp\\htdocs\\villa\\villa\\vendor\\laravel\\framework\\src\\Illuminate\\Routing\\Pipeline.php(53): Illuminate\\Pipeline\\Pipeline->Illuminate\\Pipeline\\{closure}(Object(Illuminate\\Http\\Request))
#40 C:\\xampp\\htdocs\\villa\\villa\\vendor\\laravel\\framework\\src\\Illuminate\\Foundation\\Http\\Middleware\\TransformsRequest.php(30): Illuminate\\Routing\\Pipeline->Illuminate\\Routing\\{closure}(Object(Illuminate\\Http\\Request))
#41 C:\\xampp\\htdocs\\villa\\villa\\vendor\\laravel\\framework\\src\\Illuminate\\Pipeline\\Pipeline.php(149): Illuminate\\Foundation\\Http\\Middleware\\TransformsRequest->handle(Object(Illuminate\\Http\\Request), Object(Closure))
#42 C:\\xampp\\htdocs\\villa\\villa\\vendor\\laravel\\framework\\src\\Illuminate\\Routing\\Pipeline.php(53): Illuminate\\Pipeline\\Pipeline->Illuminate\\Pipeline\\{closure}(Object(Illuminate\\Http\\Request))
#43 C:\\xampp\\htdocs\\villa\\villa\\vendor\\laravel\\framework\\src\\Illuminate\\Foundation\\Http\\Middleware\\TransformsRequest.php(30): Illuminate\\Routing\\Pipeline->Illuminate\\Routing\\{closure}(Object(Illuminate\\Http\\Request))
#44 C:\\xampp\\htdocs\\villa\\villa\\vendor\\laravel\\framework\\src\\Illuminate\\Pipeline\\Pipeline.php(149): Illuminate\\Foundation\\Http\\Middleware\\TransformsRequest->handle(Object(Illuminate\\Http\\Request), Object(Closure))
#45 C:\\xampp\\htdocs\\villa\\villa\\vendor\\laravel\\framework\\src\\Illuminate\\Routing\\Pipeline.php(53): Illuminate\\Pipeline\\Pipeline->Illuminate\\Pipeline\\{closure}(Object(Illuminate\\Http\\Request))
#46 C:\\xampp\\htdocs\\villa\\villa\\vendor\\laravel\\framework\\src\\Illuminate\\Foundation\\Http\\Middleware\\ValidatePostSize.php(27): Illuminate\\Routing\\Pipeline->Illuminate\\Routing\\{closure}(Object(Illuminate\\Http\\Request))
#47 C:\\xampp\\htdocs\\villa\\villa\\vendor\\laravel\\framework\\src\\Illuminate\\Pipeline\\Pipeline.php(149): Illuminate\\Foundation\\Http\\Middleware\\ValidatePostSize->handle(Object(Illuminate\\Http\\Request), Object(Closure))
#48 C:\\xampp\\htdocs\\villa\\villa\\vendor\\laravel\\framework\\src\\Illuminate\\Routing\\Pipeline.php(53): Illuminate\\Pipeline\\Pipeline->Illuminate\\Pipeline\\{closure}(Object(Illuminate\\Http\\Request))
#49 C:\\xampp\\htdocs\\villa\\villa\\vendor\\laravel\\framework\\src\\Illuminate\\Foundation\\Http\\Middleware\\CheckForMaintenanceMode.php(46): Illuminate\\Routing\\Pipeline->Illuminate\\Routing\\{closure}(Object(Illuminate\\Http\\Request))
#50 C:\\xampp\\htdocs\\villa\\villa\\vendor\\laravel\\framework\\src\\Illuminate\\Pipeline\\Pipeline.php(149): Illuminate\\Foundation\\Http\\Middleware\\CheckForMaintenanceMode->handle(Object(Illuminate\\Http\\Request), Object(Closure))
#51 C:\\xampp\\htdocs\\villa\\villa\\vendor\\laravel\\framework\\src\\Illuminate\\Routing\\Pipeline.php(53): Illuminate\\Pipeline\\Pipeline->Illuminate\\Pipeline\\{closure}(Object(Illuminate\\Http\\Request))
#52 C:\\xampp\\htdocs\\villa\\villa\\vendor\\laravel\\framework\\src\\Illuminate\\Pipeline\\Pipeline.php(102): Illuminate\\Routing\\Pipeline->Illuminate\\Routing\\{closure}(Object(Illuminate\\Http\\Request))
#53 C:\\xampp\\htdocs\\villa\\villa\\vendor\\laravel\\framework\\src\\Illuminate\\Foundation\\Http\\Kernel.php(151): Illuminate\\Pipeline\\Pipeline->then(Object(Closure))
#54 C:\\xampp\\htdocs\\villa\\villa\\vendor\\laravel\\framework\\src\\Illuminate\\Foundation\\Http\\Kernel.php(116): Illuminate\\Foundation\\Http\\Kernel->sendRequestThroughRouter(Object(Illuminate\\Http\\Request))
#55 C:\\xampp\\htdocs\\villa\\villa\\public\\index.php(55): Illuminate\\Foundation\\Http\\Kernel->handle(Object(Illuminate\\Http\\Request))
#56 {main}
"} 
[2018-03-17 21:04:55] local.ERROR: Parse error: syntax error, unexpected '__data' (T_STRING), expecting ',' or ')' (View: C:\xampp\htdocs\villa\villa\resources\views\user\dashboard\User.blade.php) {"userId":2,"exception":"[object] (ErrorException(code: 0): Parse error: syntax error, unexpected '__data' (T_STRING), expecting ',' or ')' (View: C:\\xampp\\htdocs\\villa\\villa\esources\\views\\user\\dashboard\\User.blade.php) at C:\\xampp\\htdocs\\villa\\villa\\storage\\framework\\views\\d2da04a91efe92d832208b33fb890b4fcee8dfec.php:74, Symfony\\Component\\Debug\\Exception\\FatalThrowableError(code: 0): Parse error: syntax error, unexpected '__data' (T_STRING), expecting ',' or ')' at C:\\xampp\\htdocs\\villa\\villa\\storage\\framework\\views\\d2da04a91efe92d832208b33fb890b4fcee8dfec.php:74)
[stacktrace]
#0 C:\\xampp\\htdocs\\villa\\villa\\vendor\\laravel\\framework\\src\\Illuminate\\View\\Engines\\PhpEngine.php(47): Illuminate\\View\\Engines\\CompilerEngine->handleViewException(Object(Symfony\\Component\\Debug\\Exception\\FatalThrowableError), 1)
#1 C:\\xampp\\htdocs\\villa\\villa\\vendor\\laravel\\framework\\src\\Illuminate\\View\\Engines\\CompilerEngine.php(59): Illuminate\\View\\Engines\\PhpEngine->evaluatePath('C:\\\\xampp\\\\htdocs...', Array)
#2 C:\\xampp\\htdocs\\villa\\villa\\vendor\\laravel\\framework\\src\\Illuminate\\View\\View.php(137): Illuminate\\View\\Engines\\CompilerEngine->get('C:\\\\xampp\\\\htdocs...', Array)
#3 C:\\xampp\\htdocs\\villa\\villa\\vendor\\laravel\\framework\\src\\Illuminate\\View\\View.php(120): Illuminate\\View\\View->getContents()
#4 C:\\xampp\\htdocs\\villa\\villa\\vendor\\laravel\\framework\\src\\Illuminate\\View\\View.php(85): Illuminate\\View\\View->renderContents()
#5 C:\\xampp\\htdocs\\villa\\villa\\vendor\\laravel\\framework\\src\\Illuminate\\Http\\Response.php(42): Illuminate\\View\\View->render()
#6 C:\\xampp\\htdocs\\villa\\villa\\vendor\\symfony\\http-foundation\\Response.php(196): Illuminate\\Http\\Response->setContent(Object(Illuminate\\View\\View))
#7 C:\\xampp\\htdocs\\villa\\villa\\vendor\\laravel\\framework\\src\\Illuminate\\Routing\\Router.php(727): Symfony\\Component\\HttpFoundation\\Response->__construct(Object(Illuminate\\View\\View))
#8 C:\\xampp\\htdocs\\villa\\villa\\vendor\\laravel\\framework\\src\\Illuminate\\Routing\\Router.php(699): Illuminate\\Routing\\Router::toResponse(Object(Illuminate\\Http\\Request), Object(Illuminate\\View\\View))
#9 C:\\xampp\\htdocs\\villa\\villa\\vendor\\laravel\\framework\\src\\Illuminate\\Routing\\Router.php(659): Illuminate\\Routing\\Router->prepareResponse(Object(Illuminate\\Http\\Request), Object(Illuminate\\View\\View))
#10 C:\\xampp\\htdocs\\villa\\villa\\vendor\\laravel\\framework\\src\\Illuminate\\Routing\\Pipeline.php(30): Illuminate\\Routing\\Router->Illuminate\\Routing\\{closure}(Object(Illuminate\\Http\\Request))
#11 C:\\xampp\\htdocs\\villa\\villa\\vendor\\laravel\\framework\\src\\Illuminate\\Routing\\Middleware\\SubstituteBindings.php(41): Illuminate\\Routing\\Pipeline->Illuminate\\Routing\\{closure}(Object(Illuminate\\Http\\Request))
#12 C:\\xampp\\htdocs\\villa\\villa\\vendor\\laravel\\framework\\src\\Illuminate\\Pipeline\\Pipeline.php(149): Illuminate\\Routing\\Middleware\\SubstituteBindings->handle(Object(Illuminate\\Http\\Request), Object(Closure))
#13 C:\\xampp\\htdocs\\villa\\villa\\vendor\\laravel\\framework\\src\\Illuminate\\Routing\\Pipeline.php(53): Illuminate\\Pipeline\\Pipeline->Illuminate\\Pipeline\\{closure}(Object(Illuminate\\Http\\Request))
#14 C:\\xampp\\htdocs\\villa\\villa\\vendor\\laravel\\framework\\src\\Illuminate\\Auth\\Middleware\\Authenticate.php(43): Illuminate\\Routing\\Pipeline->Illuminate\\Routing\\{closure}(Object(Illuminate\\Http\\Request))
#15 C:\\xampp\\htdocs\\villa\\villa\\vendor\\laravel\\framework\\src\\Illuminate\\Pipeline\\Pipeline.php(149): Illuminate\\Auth\\Middleware\\Authenticate->handle(Object(Illuminate\\Http\\Request), Object(Closure), 'user')
#16 C:\\xampp\\htdocs\\villa\\villa\\vendor\\laravel\\framework\\src\\Illuminate\\Routing\\Pipeline.php(53): Illuminate\\Pipeline\\Pipeline->Illuminate\\Pipeline\\{closure}(Object(Illuminate\\Http\\Request))
#17 C:\\xampp\\htdocs\\villa\\villa\\vendor\\laravel\\framework\\src\\Illuminate\\Foundation\\Http\\Middleware\\VerifyCsrfToken.php(67): Illuminate\\Routing\\Pipeline->Illuminate\\Routing\\{closure}(Object(Illuminate\\Http\\Request))
#18 C:\\xampp\\htdocs\\villa\\villa\\vendor\\laravel\\framework\\src\\Illuminate\\Pipeline\\Pipeline.php(149): Illuminate\\Foundation\\Http\\Middleware\\VerifyCsrfToken->handle(Object(Illuminate\\Http\\Request), Object(Closure))
#19 C:\\xampp\\htdocs\\villa\\villa\\vendor\\laravel\\framework\\src\\Illuminate\\Routing\\Pipeline.php(53): Illuminate\\Pipeline\\Pipeline->Illuminate\\Pipeline\\{closure}(Object(Illuminate\\Http\\Request))
#20 C:\\xampp\\htdocs\\villa\\villa\\vendor\\laravel\\framework\\src\\Illuminate\\View\\Middleware\\ShareErrorsFromSession.php(49): Illuminate\\Routing\\Pipeline->Illuminate\\Routing\\{closure}(Object(Illuminate\\Http\\Request))
#21 C:\\xampp\\htdocs\\villa\\villa\\vendor\\laravel\\framework\\src\\Illuminate\\Pipeline\\Pipeline.php(149): Illuminate\\View\\Middleware\\ShareErrorsFromSession->handle(Object(Illuminate\\Http\\Request), Object(Closure))
#22 C:\\xampp\\htdocs\\villa\\villa\\vendor\\laravel\\framework\\src\\Illuminate\\Routing\\Pipeline.php(53): Illuminate\\Pipeline\\Pipeline->Illuminate\\Pipeline\\{closure}(Object(Illuminate\\Http\\Request))
#23 C:\\xampp\\htdocs\\villa\\villa\\vendor\\laravel\\framework\\src\\Illuminate\\Session\\Middleware\\StartSession.php(63): Illuminate\\Routing\\Pipeline->Illuminate\\Routing\\{closure}(Object(Illuminate\\Http\\Request))
#24 C:\\xampp\\htdocs\\villa\\villa\\vendor\\laravel\\framework\\src\\Illuminate\\Pipeline\\Pipeline.php(149): Illuminate\\Session\\Middleware\\StartSession->handle(Object(Illuminate\\Http\\Request), Object(Closure))
#25 C:\\xampp\\htdocs\\villa\\villa\\vendor\\laravel\\framework\\src\\Illuminate\\Routing\\Pipeline.php(53): Illuminate\\Pipeline\\Pipeline->Illuminate\\Pipeline\\{closure}(Object(Illuminate\\Http\\Request))
#26 C:\\xampp\\htdocs\\villa\\villa\\vendor\\laravel\\framework\\src\\Illuminate\\Cookie\\Middleware\\AddQueuedCookiesToResponse.php(37): Illuminate\\Routing\\Pipeline->Illuminate\\Routing\\{closure}(Object(Illuminate\\Http\\Request))
#27 C:\\xampp\\htdocs\\villa\\villa\\vendor\\laravel\\framework\\src\\Illuminate\\Pipeline\\Pipeline.php(149): Illuminate\\Cookie\\Middleware\\AddQueuedCookiesToResponse->handle(Object(Illuminate\\Http\\Request), Object(Closure))
#28 C:\\xampp\\htdocs\\villa\\villa\\vendor\\laravel\\framework\\src\\Illuminate\\Routing\\Pipeline.php(53): Illuminate\\Pipeline\\Pipeline->Illuminate\\Pipeline\\{closure}(Object(Illuminate\\Http\\Request))
#29 C:\\xampp\\htdocs\\villa\\villa\\vendor\\laravel\\framework\\src\\Illuminate\\Cookie\\Middleware\\EncryptCookies.php(59): Illuminate\\Routing\\Pipeline->Illuminate\\Routing\\{closure}(Object(Illuminate\\Http\\Request))
#30 C:\\xampp\\htdocs\\villa\\villa\\vendor\\laravel\\framework\\src\\Illuminate\\Pipeline\\Pipeline.php(149): Illuminate\\Cookie\\Middleware\\EncryptCookies->handle(Object(Illuminate\\Http\\Request), Object(Closure))
#31 C:\\xampp\\htdocs\\villa\\villa\\vendor\\laravel\\framework\\src\\Illuminate\\Routing\\Pipeline.php(53): Illuminate\\Pipeline\\Pipeline->Illuminate\\Pipeline\\{closure}(Object(Illuminate\\Http\\Request))
#32 C:\\xampp\\htdocs\\villa\\villa\\vendor\\laravel\\framework\\src\\Illuminate\\Pipeline\\Pipeline.php(102): Illuminate\\Routing\\Pipeline->Illuminate\\Routing\\{closure}(Object(Illuminate\\Http\\Request))
#33 C:\\xampp\\htdocs\\villa\\villa\\vendor\\laravel\\framework\\src\\Illuminate\\Routing\\Router.php(661): Illuminate\\Pipeline\\Pipeline->then(Object(Closure))
#34 C:\\xampp\\htdocs\\villa\\villa\\vendor\\laravel\\framework\\src\\Illuminate\\Routing\\Router.php(636): Illuminate\\Routing\\Router->runRouteWithinStack(Object(Illuminate\\Routing\\Route), Object(Illuminate\\Http\\Request))
#35 C:\\xampp\\htdocs\\villa\\villa\\vendor\\laravel\\framework\\src\\Illuminate\\Routing\\Router.php(602): Illuminate\\Routing\\Router->runRoute(Object(Illuminate\\Http\\Request), Object(Illuminate\\Routing\\Route))
#36 C:\\xampp\\htdocs\\villa\\villa\\vendor\\laravel\\framework\\src\\Illuminate\\Routing\\Router.php(591): Illuminate\\Routing\\Router->dispatchToRoute(Object(Illuminate\\Http\\Request))
#37 C:\\xampp\\htdocs\\villa\\villa\\vendor\\laravel\\framework\\src\\Illuminate\\Foundation\\Http\\Kernel.php(176): Illuminate\\Routing\\Router->dispatch(Object(Illuminate\\Http\\Request))
#38 C:\\xampp\\htdocs\\villa\\villa\\vendor\\laravel\\framework\\src\\Illuminate\\Routing\\Pipeline.php(30): Illuminate\\Foundation\\Http\\Kernel->Illuminate\\Foundation\\Http\\{closure}(Object(Illuminate\\Http\\Request))
#39 C:\\xampp\\htdocs\\villa\\villa\\vendor\\fideloper\\proxy\\src\\TrustProxies.php(57): Illuminate\\Routing\\Pipeline->Illuminate\\Routing\\{closure}(Object(Illuminate\\Http\\Request))
#40 C:\\xampp\\htdocs\\villa\\villa\\vendor\\laravel\\framework\\src\\Illuminate\\Pipeline\\Pipeline.php(149): Fideloper\\Proxy\\TrustProxies->handle(Object(Illuminate\\Http\\Request), Object(Closure))
#41 C:\\xampp\\htdocs\\villa\\villa\\vendor\\laravel\\framework\\src\\Illuminate\\Routing\\Pipeline.php(53): Illuminate\\Pipeline\\Pipeline->Illuminate\\Pipeline\\{closure}(Object(Illuminate\\Http\\Request))
#42 C:\\xampp\\htdocs\\villa\\villa\\vendor\\laravel\\framework\\src\\Illuminate\\Foundation\\Http\\Middleware\\TransformsRequest.php(30): Illuminate\\Routing\\Pipeline->Illuminate\\Routing\\{closure}(Object(Illuminate\\Http\\Request))
#43 C:\\xampp\\htdocs\\villa\\villa\\vendor\\laravel\\framework\\src\\Illuminate\\Pipeline\\Pipeline.php(149): Illuminate\\Foundation\\Http\\Middleware\\TransformsRequest->handle(Object(Illuminate\\Http\\Request), Object(Closure))
#44 C:\\xampp\\htdocs\\villa\\villa\\vendor\\laravel\\framework\\src\\Illuminate\\Routing\\Pipeline.php(53): Illuminate\\Pipeline\\Pipeline->Illuminate\\Pipeline\\{closure}(Object(Illuminate\\Http\\Request))
#45 C:\\xampp\\htdocs\\villa\\villa\\vendor\\laravel\\framework\\src\\Illuminate\\Foundation\\Http\\Middleware\\TransformsRequest.php(30): Illuminate\\Routing\\Pipeline->Illuminate\\Routing\\{closure}(Object(Illuminate\\Http\\Request))
#46 C:\\xampp\\htdocs\\villa\\villa\\vendor\\laravel\\framework\\src\\Illuminate\\Pipeline\\Pipeline.php(149): Illuminate\\Foundation\\Http\\Middleware\\TransformsRequest->handle(Object(Illuminate\\Http\\Request), Object(Closure))
#47 C:\\xampp\\htdocs\\villa\\villa\\vendor\\laravel\\framework\\src\\Illuminate\\Routing\\Pipeline.php(53): Illuminate\\Pipeline\\Pipeline->Illuminate\\Pipeline\\{closure}(Object(Illuminate\\Http\\Request))
#48 C:\\xampp\\htdocs\\villa\\villa\\vendor\\laravel\\framework\\src\\Illuminate\\Foundation\\Http\\Middleware\\ValidatePostSize.php(27): Illuminate\\Routing\\Pipeline->Illuminate\\Routing\\{closure}(Object(Illuminate\\Http\\Request))
#49 C:\\xampp\\htdocs\\villa\\villa\\vendor\\laravel\\framework\\src\\Illuminate\\Pipeline\\Pipeline.php(149): Illuminate\\Foundation\\Http\\Middleware\\ValidatePostSize->handle(Object(Illuminate\\Http\\Request), Object(Closure))
#50 C:\\xampp\\htdocs\\villa\\villa\\vendor\\laravel\\framework\\src\\Illuminate\\Routing\\Pipeline.php(53): Illuminate\\Pipeline\\Pipeline->Illuminate\\Pipeline\\{closure}(Object(Illuminate\\Http\\Request))
#51 C:\\xampp\\htdocs\\villa\\villa\\vendor\\laravel\\framework\\src\\Illuminate\\Foundation\\Http\\Middleware\\CheckForMaintenanceMode.php(46): Illuminate\\Routing\\Pipeline->Illuminate\\Routing\\{closure}(Object(Illuminate\\Http\\Request))
#52 C:\\xampp\\htdocs\\villa\\villa\\vendor\\laravel\\framework\\src\\Illuminate\\Pipeline\\Pipeline.php(149): Illuminate\\Foundation\\Http\\Middleware\\CheckForMaintenanceMode->handle(Object(Illuminate\\Http\\Request), Object(Closure))
#53 C:\\xampp\\htdocs\\villa\\villa\\vendor\\laravel\\framework\\src\\Illuminate\\Routing\\Pipeline.php(53): Illuminate\\Pipeline\\Pipeline->Illuminate\\Pipeline\\{closure}(Object(Illuminate\\Http\\Request))
#54 C:\\xampp\\htdocs\\villa\\villa\\vendor\\laravel\\framework\\src\\Illuminate\\Pipeline\\Pipeline.php(102): Illuminate\\Routing\\Pipeline->Illuminate\\Routing\\{closure}(Object(Illuminate\\Http\\Request))
#55 C:\\xampp\\htdocs\\villa\\villa\\vendor\\laravel\\framework\\src\\Illuminate\\Foundation\\Http\\Kernel.php(151): Illuminate\\Pipeline\\Pipeline->then(Object(Closure))
#56 C:\\xampp\\htdocs\\villa\\villa\\vendor\\laravel\\framework\\src\\Illuminate\\Foundation\\Http\\Kernel.php(116): Illuminate\\Foundation\\Http\\Kernel->sendRequestThroughRouter(Object(Illuminate\\Http\\Request))
#57 C:\\xampp\\htdocs\\villa\\villa\\public\\index.php(55): Illuminate\\Foundation\\Http\\Kernel->handle(Object(Illuminate\\Http\\Request))
#58 {main}
"} 
[2018-03-17 21:05:52] local.ERROR: Parse error: syntax error, unexpected '__data' (T_STRING), expecting ',' or ')' (View: C:\xampp\htdocs\villa\villa\resources\views\user\dashboard\User.blade.php) {"userId":2,"exception":"[object] (ErrorException(code: 0): Parse error: syntax error, unexpected '__data' (T_STRING), expecting ',' or ')' (View: C:\\xampp\\htdocs\\villa\\villa\esources\\views\\user\\dashboard\\User.blade.php) at C:\\xampp\\htdocs\\villa\\villa\\storage\\framework\\views\\d2da04a91efe92d832208b33fb890b4fcee8dfec.php:74, Symfony\\Component\\Debug\\Exception\\FatalThrowableError(code: 0): Parse error: syntax error, unexpected '__data' (T_STRING), expecting ',' or ')' at C:\\xampp\\htdocs\\villa\\villa\\storage\\framework\\views\\d2da04a91efe92d832208b33fb890b4fcee8dfec.php:74)
[stacktrace]
#0 C:\\xampp\\htdocs\\villa\\villa\\vendor\\laravel\\framework\\src\\Illuminate\\View\\Engines\\PhpEngine.php(47): Illuminate\\View\\Engines\\CompilerEngine->handleViewException(Object(Symfony\\Component\\Debug\\Exception\\FatalThrowableError), 1)
#1 C:\\xampp\\htdocs\\villa\\villa\\vendor\\laravel\\framework\\src\\Illuminate\\View\\Engines\\CompilerEngine.php(59): Illuminate\\View\\Engines\\PhpEngine->evaluatePath('C:\\\\xampp\\\\htdocs...', Array)
#2 C:\\xampp\\htdocs\\villa\\villa\\vendor\\laravel\\framework\\src\\Illuminate\\View\\View.php(137): Illuminate\\View\\Engines\\CompilerEngine->get('C:\\\\xampp\\\\htdocs...', Array)
#3 C:\\xampp\\htdocs\\villa\\villa\\vendor\\laravel\\framework\\src\\Illuminate\\View\\View.php(120): Illuminate\\View\\View->getContents()
#4 C:\\xampp\\htdocs\\villa\\villa\\vendor\\laravel\\framework\\src\\Illuminate\\View\\View.php(85): Illuminate\\View\\View->renderContents()
#5 C:\\xampp\\htdocs\\villa\\villa\\vendor\\laravel\\framework\\src\\Illuminate\\Http\\Response.php(42): Illuminate\\View\\View->render()
#6 C:\\xampp\\htdocs\\villa\\villa\\vendor\\symfony\\http-foundation\\Response.php(196): Illuminate\\Http\\Response->setContent(Object(Illuminate\\View\\View))
#7 C:\\xampp\\htdocs\\villa\\villa\\vendor\\laravel\\framework\\src\\Illuminate\\Routing\\Router.php(727): Symfony\\Component\\HttpFoundation\\Response->__construct(Object(Illuminate\\View\\View))
#8 C:\\xampp\\htdocs\\villa\\villa\\vendor\\laravel\\framework\\src\\Illuminate\\Routing\\Router.php(699): Illuminate\\Routing\\Router::toResponse(Object(Illuminate\\Http\\Request), Object(Illuminate\\View\\View))
#9 C:\\xampp\\htdocs\\villa\\villa\\vendor\\laravel\\framework\\src\\Illuminate\\Routing\\Router.php(659): Illuminate\\Routing\\Router->prepareResponse(Object(Illuminate\\Http\\Request), Object(Illuminate\\View\\View))
#10 C:\\xampp\\htdocs\\villa\\villa\\vendor\\laravel\\framework\\src\\Illuminate\\Routing\\Pipeline.php(30): Illuminate\\Routing\\Router->Illuminate\\Routing\\{closure}(Object(Illuminate\\Http\\Request))
#11 C:\\xampp\\htdocs\\villa\\villa\\vendor\\laravel\\framework\\src\\Illuminate\\Routing\\Middleware\\SubstituteBindings.php(41): Illuminate\\Routing\\Pipeline->Illuminate\\Routing\\{closure}(Object(Illuminate\\Http\\Request))
#12 C:\\xampp\\htdocs\\villa\\villa\\vendor\\laravel\\framework\\src\\Illuminate\\Pipeline\\Pipeline.php(149): Illuminate\\Routing\\Middleware\\SubstituteBindings->handle(Object(Illuminate\\Http\\Request), Object(Closure))
#13 C:\\xampp\\htdocs\\villa\\villa\\vendor\\laravel\\framework\\src\\Illuminate\\Routing\\Pipeline.php(53): Illuminate\\Pipeline\\Pipeline->Illuminate\\Pipeline\\{closure}(Object(Illuminate\\Http\\Request))
#14 C:\\xampp\\htdocs\\villa\\villa\\vendor\\laravel\\framework\\src\\Illuminate\\Auth\\Middleware\\Authenticate.php(43): Illuminate\\Routing\\Pipeline->Illuminate\\Routing\\{closure}(Object(Illuminate\\Http\\Request))
#15 C:\\xampp\\htdocs\\villa\\villa\\vendor\\laravel\\framework\\src\\Illuminate\\Pipeline\\Pipeline.php(149): Illuminate\\Auth\\Middleware\\Authenticate->handle(Object(Illuminate\\Http\\Request), Object(Closure), 'user')
#16 C:\\xampp\\htdocs\\villa\\villa\\vendor\\laravel\\framework\\src\\Illuminate\\Routing\\Pipeline.php(53): Illuminate\\Pipeline\\Pipeline->Illuminate\\Pipeline\\{closure}(Object(Illuminate\\Http\\Request))
#17 C:\\xampp\\htdocs\\villa\\villa\\vendor\\laravel\\framework\\src\\Illuminate\\Foundation\\Http\\Middleware\\VerifyCsrfToken.php(67): Illuminate\\Routing\\Pipeline->Illuminate\\Routing\\{closure}(Object(Illuminate\\Http\\Request))
#18 C:\\xampp\\htdocs\\villa\\villa\\vendor\\laravel\\framework\\src\\Illuminate\\Pipeline\\Pipeline.php(149): Illuminate\\Foundation\\Http\\Middleware\\VerifyCsrfToken->handle(Object(Illuminate\\Http\\Request), Object(Closure))
#19 C:\\xampp\\htdocs\\villa\\villa\\vendor\\laravel\\framework\\src\\Illuminate\\Routing\\Pipeline.php(53): Illuminate\\Pipeline\\Pipeline->Illuminate\\Pipeline\\{closure}(Object(Illuminate\\Http\\Request))
#20 C:\\xampp\\htdocs\\villa\\villa\\vendor\\laravel\\framework\\src\\Illuminate\\View\\Middleware\\ShareErrorsFromSession.php(49): Illuminate\\Routing\\Pipeline->Illuminate\\Routing\\{closure}(Object(Illuminate\\Http\\Request))
#21 C:\\xampp\\htdocs\\villa\\villa\\vendor\\laravel\\framework\\src\\Illuminate\\Pipeline\\Pipeline.php(149): Illuminate\\View\\Middleware\\ShareErrorsFromSession->handle(Object(Illuminate\\Http\\Request), Object(Closure))
#22 C:\\xampp\\htdocs\\villa\\villa\\vendor\\laravel\\framework\\src\\Illuminate\\Routing\\Pipeline.php(53): Illuminate\\Pipeline\\Pipeline->Illuminate\\Pipeline\\{closure}(Object(Illuminate\\Http\\Request))
#23 C:\\xampp\\htdocs\\villa\\villa\\vendor\\laravel\\framework\\src\\Illuminate\\Session\\Middleware\\StartSession.php(63): Illuminate\\Routing\\Pipeline->Illuminate\\Routing\\{closure}(Object(Illuminate\\Http\\Request))
#24 C:\\xampp\\htdocs\\villa\\villa\\vendor\\laravel\\framework\\src\\Illuminate\\Pipeline\\Pipeline.php(149): Illuminate\\Session\\Middleware\\StartSession->handle(Object(Illuminate\\Http\\Request), Object(Closure))
#25 C:\\xampp\\htdocs\\villa\\villa\\vendor\\laravel\\framework\\src\\Illuminate\\Routing\\Pipeline.php(53): Illuminate\\Pipeline\\Pipeline->Illuminate\\Pipeline\\{closure}(Object(Illuminate\\Http\\Request))
#26 C:\\xampp\\htdocs\\villa\\villa\\vendor\\laravel\\framework\\src\\Illuminate\\Cookie\\Middleware\\AddQueuedCookiesToResponse.php(37): Illuminate\\Routing\\Pipeline->Illuminate\\Routing\\{closure}(Object(Illuminate\\Http\\Request))
#27 C:\\xampp\\htdocs\\villa\\villa\\vendor\\laravel\\framework\\src\\Illuminate\\Pipeline\\Pipeline.php(149): Illuminate\\Cookie\\Middleware\\AddQueuedCookiesToResponse->handle(Object(Illuminate\\Http\\Request), Object(Closure))
#28 C:\\xampp\\htdocs\\villa\\villa\\vendor\\laravel\\framework\\src\\Illuminate\\Routing\\Pipeline.php(53): Illuminate\\Pipeline\\Pipeline->Illuminate\\Pipeline\\{closure}(Object(Illuminate\\Http\\Request))
#29 C:\\xampp\\htdocs\\villa\\villa\\vendor\\laravel\\framework\\src\\Illuminate\\Cookie\\Middleware\\EncryptCookies.php(59): Illuminate\\Routing\\Pipeline->Illuminate\\Routing\\{closure}(Object(Illuminate\\Http\\Request))
#30 C:\\xampp\\htdocs\\villa\\villa\\vendor\\laravel\\framework\\src\\Illuminate\\Pipeline\\Pipeline.php(149): Illuminate\\Cookie\\Middleware\\EncryptCookies->handle(Object(Illuminate\\Http\\Request), Object(Closure))
#31 C:\\xampp\\htdocs\\villa\\villa\\vendor\\laravel\\framework\\src\\Illuminate\\Routing\\Pipeline.php(53): Illuminate\\Pipeline\\Pipeline->Illuminate\\Pipeline\\{closure}(Object(Illuminate\\Http\\Request))
#32 C:\\xampp\\htdocs\\villa\\villa\\vendor\\laravel\\framework\\src\\Illuminate\\Pipeline\\Pipeline.php(102): Illuminate\\Routing\\Pipeline->Illuminate\\Routing\\{closure}(Object(Illuminate\\Http\\Request))
#33 C:\\xampp\\htdocs\\villa\\villa\\vendor\\laravel\\framework\\src\\Illuminate\\Routing\\Router.php(661): Illuminate\\Pipeline\\Pipeline->then(Object(Closure))
#34 C:\\xampp\\htdocs\\villa\\villa\\vendor\\laravel\\framework\\src\\Illuminate\\Routing\\Router.php(636): Illuminate\\Routing\\Router->runRouteWithinStack(Object(Illuminate\\Routing\\Route), Object(Illuminate\\Http\\Request))
#35 C:\\xampp\\htdocs\\villa\\villa\\vendor\\laravel\\framework\\src\\Illuminate\\Routing\\Router.php(602): Illuminate\\Routing\\Router->runRoute(Object(Illuminate\\Http\\Request), Object(Illuminate\\Routing\\Route))
#36 C:\\xampp\\htdocs\\villa\\villa\\vendor\\laravel\\framework\\src\\Illuminate\\Routing\\Router.php(591): Illuminate\\Routing\\Router->dispatchToRoute(Object(Illuminate\\Http\\Request))
#37 C:\\xampp\\htdocs\\villa\\villa\\vendor\\laravel\\framework\\src\\Illuminate\\Foundation\\Http\\Kernel.php(176): Illuminate\\Routing\\Router->dispatch(Object(Illuminate\\Http\\Request))
#38 C:\\xampp\\htdocs\\villa\\villa\\vendor\\laravel\\framework\\src\\Illuminate\\Routing\\Pipeline.php(30): Illuminate\\Foundation\\Http\\Kernel->Illuminate\\Foundation\\Http\\{closure}(Object(Illuminate\\Http\\Request))
#39 C:\\xampp\\htdocs\\villa\\villa\\vendor\\fideloper\\proxy\\src\\TrustProxies.php(57): Illuminate\\Routing\\Pipeline->Illuminate\\Routing\\{closure}(Object(Illuminate\\Http\\Request))
#40 C:\\xampp\\htdocs\\villa\\villa\\vendor\\laravel\\framework\\src\\Illuminate\\Pipeline\\Pipeline.php(149): Fideloper\\Proxy\\TrustProxies->handle(Object(Illuminate\\Http\\Request), Object(Closure))
#41 C:\\xampp\\htdocs\\villa\\villa\\vendor\\laravel\\framework\\src\\Illuminate\\Routing\\Pipeline.php(53): Illuminate\\Pipeline\\Pipeline->Illuminate\\Pipeline\\{closure}(Object(Illuminate\\Http\\Request))
#42 C:\\xampp\\htdocs\\villa\\villa\\vendor\\laravel\\framework\\src\\Illuminate\\Foundation\\Http\\Middleware\\TransformsRequest.php(30): Illuminate\\Routing\\Pipeline->Illuminate\\Routing\\{closure}(Object(Illuminate\\Http\\Request))
#43 C:\\xampp\\htdocs\\villa\\villa\\vendor\\laravel\\framework\\src\\Illuminate\\Pipeline\\Pipeline.php(149): Illuminate\\Foundation\\Http\\Middleware\\TransformsRequest->handle(Object(Illuminate\\Http\\Request), Object(Closure))
#44 C:\\xampp\\htdocs\\villa\\villa\\vendor\\laravel\\framework\\src\\Illuminate\\Routing\\Pipeline.php(53): Illuminate\\Pipeline\\Pipeline->Illuminate\\Pipeline\\{closure}(Object(Illuminate\\Http\\Request))
#45 C:\\xampp\\htdocs\\villa\\villa\\vendor\\laravel\\framework\\src\\Illuminate\\Foundation\\Http\\Middleware\\TransformsRequest.php(30): Illuminate\\Routing\\Pipeline->Illuminate\\Routing\\{closure}(Object(Illuminate\\Http\\Request))
#46 C:\\xampp\\htdocs\\villa\\villa\\vendor\\laravel\\framework\\src\\Illuminate\\Pipeline\\Pipeline.php(149): Illuminate\\Foundation\\Http\\Middleware\\TransformsRequest->handle(Object(Illuminate\\Http\\Request), Object(Closure))
#47 C:\\xampp\\htdocs\\villa\\villa\\vendor\\laravel\\framework\\src\\Illuminate\\Routing\\Pipeline.php(53): Illuminate\\Pipeline\\Pipeline->Illuminate\\Pipeline\\{closure}(Object(Illuminate\\Http\\Request))
#48 C:\\xampp\\htdocs\\villa\\villa\\vendor\\laravel\\framework\\src\\Illuminate\\Foundation\\Http\\Middleware\\ValidatePostSize.php(27): Illuminate\\Routing\\Pipeline->Illuminate\\Routing\\{closure}(Object(Illuminate\\Http\\Request))
#49 C:\\xampp\\htdocs\\villa\\villa\\vendor\\laravel\\framework\\src\\Illuminate\\Pipeline\\Pipeline.php(149): Illuminate\\Foundation\\Http\\Middleware\\ValidatePostSize->handle(Object(Illuminate\\Http\\Request), Object(Closure))
#50 C:\\xampp\\htdocs\\villa\\villa\\vendor\\laravel\\framework\\src\\Illuminate\\Routing\\Pipeline.php(53): Illuminate\\Pipeline\\Pipeline->Illuminate\\Pipeline\\{closure}(Object(Illuminate\\Http\\Request))
#51 C:\\xampp\\htdocs\\villa\\villa\\vendor\\laravel\\framework\\src\\Illuminate\\Foundation\\Http\\Middleware\\CheckForMaintenanceMode.php(46): Illuminate\\Routing\\Pipeline->Illuminate\\Routing\\{closure}(Object(Illuminate\\Http\\Request))
#52 C:\\xampp\\htdocs\\villa\\villa\\vendor\\laravel\\framework\\src\\Illuminate\\Pipeline\\Pipeline.php(149): Illuminate\\Foundation\\Http\\Middleware\\CheckForMaintenanceMode->handle(Object(Illuminate\\Http\\Request), Object(Closure))
#53 C:\\xampp\\htdocs\\villa\\villa\\vendor\\laravel\\framework\\src\\Illuminate\\Routing\\Pipeline.php(53): Illuminate\\Pipeline\\Pipeline->Illuminate\\Pipeline\\{closure}(Object(Illuminate\\Http\\Request))
#54 C:\\xampp\\htdocs\\villa\\villa\\vendor\\laravel\\framework\\src\\Illuminate\\Pipeline\\Pipeline.php(102): Illuminate\\Routing\\Pipeline->Illuminate\\Routing\\{closure}(Object(Illuminate\\Http\\Request))
#55 C:\\xampp\\htdocs\\villa\\villa\\vendor\\laravel\\framework\\src\\Illuminate\\Foundation\\Http\\Kernel.php(151): Illuminate\\Pipeline\\Pipeline->then(Object(Closure))
#56 C:\\xampp\\htdocs\\villa\\villa\\vendor\\laravel\\framework\\src\\Illuminate\\Foundation\\Http\\Kernel.php(116): Illuminate\\Foundation\\Http\\Kernel->sendRequestThroughRouter(Object(Illuminate\\Http\\Request))
#57 C:\\xampp\\htdocs\\villa\\villa\\public\\index.php(55): Illuminate\\Foundation\\Http\\Kernel->handle(Object(Illuminate\\Http\\Request))
#58 {main}
"} 
[2018-03-17 21:06:16] local.ERROR: Parse error: syntax error, unexpected '__data' (T_STRING), expecting ',' or ')' (View: C:\xampp\htdocs\villa\villa\resources\views\user\dashboard\User.blade.php) {"userId":2,"exception":"[object] (ErrorException(code: 0): Parse error: syntax error, unexpected '__data' (T_STRING), expecting ',' or ')' (View: C:\\xampp\\htdocs\\villa\\villa\esources\\views\\user\\dashboard\\User.blade.php) at C:\\xampp\\htdocs\\villa\\villa\\storage\\framework\\views\\d2da04a91efe92d832208b33fb890b4fcee8dfec.php:74, Symfony\\Component\\Debug\\Exception\\FatalThrowableError(code: 0): Parse error: syntax error, unexpected '__data' (T_STRING), expecting ',' or ')' at C:\\xampp\\htdocs\\villa\\villa\\storage\\framework\\views\\d2da04a91efe92d832208b33fb890b4fcee8dfec.php:74)
[stacktrace]
#0 C:\\xampp\\htdocs\\villa\\villa\\vendor\\laravel\\framework\\src\\Illuminate\\View\\Engines\\PhpEngine.php(47): Illuminate\\View\\Engines\\CompilerEngine->handleViewException(Object(Symfony\\Component\\Debug\\Exception\\FatalThrowableError), 1)
#1 C:\\xampp\\htdocs\\villa\\villa\\vendor\\laravel\\framework\\src\\Illuminate\\View\\Engines\\CompilerEngine.php(59): Illuminate\\View\\Engines\\PhpEngine->evaluatePath('C:\\\\xampp\\\\htdocs...', Array)
#2 C:\\xampp\\htdocs\\villa\\villa\\vendor\\laravel\\framework\\src\\Illuminate\\View\\View.php(137): Illuminate\\View\\Engines\\CompilerEngine->get('C:\\\\xampp\\\\htdocs...', Array)
#3 C:\\xampp\\htdocs\\villa\\villa\\vendor\\laravel\\framework\\src\\Illuminate\\View\\View.php(120): Illuminate\\View\\View->getContents()
#4 C:\\xampp\\htdocs\\villa\\villa\\vendor\\laravel\\framework\\src\\Illuminate\\View\\View.php(85): Illuminate\\View\\View->renderContents()
#5 C:\\xampp\\htdocs\\villa\\villa\\vendor\\laravel\\framework\\src\\Illuminate\\Http\\Response.php(42): Illuminate\\View\\View->render()
#6 C:\\xampp\\htdocs\\villa\\villa\\vendor\\symfony\\http-foundation\\Response.php(196): Illuminate\\Http\\Response->setContent(Object(Illuminate\\View\\View))
#7 C:\\xampp\\htdocs\\villa\\villa\\vendor\\laravel\\framework\\src\\Illuminate\\Routing\\Router.php(727): Symfony\\Component\\HttpFoundation\\Response->__construct(Object(Illuminate\\View\\View))
#8 C:\\xampp\\htdocs\\villa\\villa\\vendor\\laravel\\framework\\src\\Illuminate\\Routing\\Router.php(699): Illuminate\\Routing\\Router::toResponse(Object(Illuminate\\Http\\Request), Object(Illuminate\\View\\View))
#9 C:\\xampp\\htdocs\\villa\\villa\\vendor\\laravel\\framework\\src\\Illuminate\\Routing\\Router.php(659): Illuminate\\Routing\\Router->prepareResponse(Object(Illuminate\\Http\\Request), Object(Illuminate\\View\\View))
#10 C:\\xampp\\htdocs\\villa\\villa\\vendor\\laravel\\framework\\src\\Illuminate\\Routing\\Pipeline.php(30): Illuminate\\Routing\\Router->Illuminate\\Routing\\{closure}(Object(Illuminate\\Http\\Request))
#11 C:\\xampp\\htdocs\\villa\\villa\\vendor\\laravel\\framework\\src\\Illuminate\\Routing\\Middleware\\SubstituteBindings.php(41): Illuminate\\Routing\\Pipeline->Illuminate\\Routing\\{closure}(Object(Illuminate\\Http\\Request))
#12 C:\\xampp\\htdocs\\villa\\villa\\vendor\\laravel\\framework\\src\\Illuminate\\Pipeline\\Pipeline.php(149): Illuminate\\Routing\\Middleware\\SubstituteBindings->handle(Object(Illuminate\\Http\\Request), Object(Closure))
#13 C:\\xampp\\htdocs\\villa\\villa\\vendor\\laravel\\framework\\src\\Illuminate\\Routing\\Pipeline.php(53): Illuminate\\Pipeline\\Pipeline->Illuminate\\Pipeline\\{closure}(Object(Illuminate\\Http\\Request))
#14 C:\\xampp\\htdocs\\villa\\villa\\vendor\\laravel\\framework\\src\\Illuminate\\Auth\\Middleware\\Authenticate.php(43): Illuminate\\Routing\\Pipeline->Illuminate\\Routing\\{closure}(Object(Illuminate\\Http\\Request))
#15 C:\\xampp\\htdocs\\villa\\villa\\vendor\\laravel\\framework\\src\\Illuminate\\Pipeline\\Pipeline.php(149): Illuminate\\Auth\\Middleware\\Authenticate->handle(Object(Illuminate\\Http\\Request), Object(Closure), 'user')
#16 C:\\xampp\\htdocs\\villa\\villa\\vendor\\laravel\\framework\\src\\Illuminate\\Routing\\Pipeline.php(53): Illuminate\\Pipeline\\Pipeline->Illuminate\\Pipeline\\{closure}(Object(Illuminate\\Http\\Request))
#17 C:\\xampp\\htdocs\\villa\\villa\\vendor\\laravel\\framework\\src\\Illuminate\\Foundation\\Http\\Middleware\\VerifyCsrfToken.php(67): Illuminate\\Routing\\Pipeline->Illuminate\\Routing\\{closure}(Object(Illuminate\\Http\\Request))
#18 C:\\xampp\\htdocs\\villa\\villa\\vendor\\laravel\\framework\\src\\Illuminate\\Pipeline\\Pipeline.php(149): Illuminate\\Foundation\\Http\\Middleware\\VerifyCsrfToken->handle(Object(Illuminate\\Http\\Request), Object(Closure))
#19 C:\\xampp\\htdocs\\villa\\villa\\vendor\\laravel\\framework\\src\\Illuminate\\Routing\\Pipeline.php(53): Illuminate\\Pipeline\\Pipeline->Illuminate\\Pipeline\\{closure}(Object(Illuminate\\Http\\Request))
#20 C:\\xampp\\htdocs\\villa\\villa\\vendor\\laravel\\framework\\src\\Illuminate\\View\\Middleware\\ShareErrorsFromSession.php(49): Illuminate\\Routing\\Pipeline->Illuminate\\Routing\\{closure}(Object(Illuminate\\Http\\Request))
#21 C:\\xampp\\htdocs\\villa\\villa\\vendor\\laravel\\framework\\src\\Illuminate\\Pipeline\\Pipeline.php(149): Illuminate\\View\\Middleware\\ShareErrorsFromSession->handle(Object(Illuminate\\Http\\Request), Object(Closure))
#22 C:\\xampp\\htdocs\\villa\\villa\\vendor\\laravel\\framework\\src\\Illuminate\\Routing\\Pipeline.php(53): Illuminate\\Pipeline\\Pipeline->Illuminate\\Pipeline\\{closure}(Object(Illuminate\\Http\\Request))
#23 C:\\xampp\\htdocs\\villa\\villa\\vendor\\laravel\\framework\\src\\Illuminate\\Session\\Middleware\\StartSession.php(63): Illuminate\\Routing\\Pipeline->Illuminate\\Routing\\{closure}(Object(Illuminate\\Http\\Request))
#24 C:\\xampp\\htdocs\\villa\\villa\\vendor\\laravel\\framework\\src\\Illuminate\\Pipeline\\Pipeline.php(149): Illuminate\\Session\\Middleware\\StartSession->handle(Object(Illuminate\\Http\\Request), Object(Closure))
#25 C:\\xampp\\htdocs\\villa\\villa\\vendor\\laravel\\framework\\src\\Illuminate\\Routing\\Pipeline.php(53): Illuminate\\Pipeline\\Pipeline->Illuminate\\Pipeline\\{closure}(Object(Illuminate\\Http\\Request))
#26 C:\\xampp\\htdocs\\villa\\villa\\vendor\\laravel\\framework\\src\\Illuminate\\Cookie\\Middleware\\AddQueuedCookiesToResponse.php(37): Illuminate\\Routing\\Pipeline->Illuminate\\Routing\\{closure}(Object(Illuminate\\Http\\Request))
#27 C:\\xampp\\htdocs\\villa\\villa\\vendor\\laravel\\framework\\src\\Illuminate\\Pipeline\\Pipeline.php(149): Illuminate\\Cookie\\Middleware\\AddQueuedCookiesToResponse->handle(Object(Illuminate\\Http\\Request), Object(Closure))
#28 C:\\xampp\\htdocs\\villa\\villa\\vendor\\laravel\\framework\\src\\Illuminate\\Routing\\Pipeline.php(53): Illuminate\\Pipeline\\Pipeline->Illuminate\\Pipeline\\{closure}(Object(Illuminate\\Http\\Request))
#29 C:\\xampp\\htdocs\\villa\\villa\\vendor\\laravel\\framework\\src\\Illuminate\\Cookie\\Middleware\\EncryptCookies.php(59): Illuminate\\Routing\\Pipeline->Illuminate\\Routing\\{closure}(Object(Illuminate\\Http\\Request))
#30 C:\\xampp\\htdocs\\villa\\villa\\vendor\\laravel\\framework\\src\\Illuminate\\Pipeline\\Pipeline.php(149): Illuminate\\Cookie\\Middleware\\EncryptCookies->handle(Object(Illuminate\\Http\\Request), Object(Closure))
#31 C:\\xampp\\htdocs\\villa\\villa\\vendor\\laravel\\framework\\src\\Illuminate\\Routing\\Pipeline.php(53): Illuminate\\Pipeline\\Pipeline->Illuminate\\Pipeline\\{closure}(Object(Illuminate\\Http\\Request))
#32 C:\\xampp\\htdocs\\villa\\villa\\vendor\\laravel\\framework\\src\\Illuminate\\Pipeline\\Pipeline.php(102): Illuminate\\Routing\\Pipeline->Illuminate\\Routing\\{closure}(Object(Illuminate\\Http\\Request))
#33 C:\\xampp\\htdocs\\villa\\villa\\vendor\\laravel\\framework\\src\\Illuminate\\Routing\\Router.php(661): Illuminate\\Pipeline\\Pipeline->then(Object(Closure))
#34 C:\\xampp\\htdocs\\villa\\villa\\vendor\\laravel\\framework\\src\\Illuminate\\Routing\\Router.php(636): Illuminate\\Routing\\Router->runRouteWithinStack(Object(Illuminate\\Routing\\Route), Object(Illuminate\\Http\\Request))
#35 C:\\xampp\\htdocs\\villa\\villa\\vendor\\laravel\\framework\\src\\Illuminate\\Routing\\Router.php(602): Illuminate\\Routing\\Router->runRoute(Object(Illuminate\\Http\\Request), Object(Illuminate\\Routing\\Route))
#36 C:\\xampp\\htdocs\\villa\\villa\\vendor\\laravel\\framework\\src\\Illuminate\\Routing\\Router.php(591): Illuminate\\Routing\\Router->dispatchToRoute(Object(Illuminate\\Http\\Request))
#37 C:\\xampp\\htdocs\\villa\\villa\\vendor\\laravel\\framework\\src\\Illuminate\\Foundation\\Http\\Kernel.php(176): Illuminate\\Routing\\Router->dispatch(Object(Illuminate\\Http\\Request))
#38 C:\\xampp\\htdocs\\villa\\villa\\vendor\\laravel\\framework\\src\\Illuminate\\Routing\\Pipeline.php(30): Illuminate\\Foundation\\Http\\Kernel->Illuminate\\Foundation\\Http\\{closure}(Object(Illuminate\\Http\\Request))
#39 C:\\xampp\\htdocs\\villa\\villa\\vendor\\fideloper\\proxy\\src\\TrustProxies.php(57): Illuminate\\Routing\\Pipeline->Illuminate\\Routing\\{closure}(Object(Illuminate\\Http\\Request))
#40 C:\\xampp\\htdocs\\villa\\villa\\vendor\\laravel\\framework\\src\\Illuminate\\Pipeline\\Pipeline.php(149): Fideloper\\Proxy\\TrustProxies->handle(Object(Illuminate\\Http\\Request), Object(Closure))
#41 C:\\xampp\\htdocs\\villa\\villa\\vendor\\laravel\\framework\\src\\Illuminate\\Routing\\Pipeline.php(53): Illuminate\\Pipeline\\Pipeline->Illuminate\\Pipeline\\{closure}(Object(Illuminate\\Http\\Request))
#42 C:\\xampp\\htdocs\\villa\\villa\\vendor\\laravel\\framework\\src\\Illuminate\\Foundation\\Http\\Middleware\\TransformsRequest.php(30): Illuminate\\Routing\\Pipeline->Illuminate\\Routing\\{closure}(Object(Illuminate\\Http\\Request))
#43 C:\\xampp\\htdocs\\villa\\villa\\vendor\\laravel\\framework\\src\\Illuminate\\Pipeline\\Pipeline.php(149): Illuminate\\Foundation\\Http\\Middleware\\TransformsRequest->handle(Object(Illuminate\\Http\\Request), Object(Closure))
#44 C:\\xampp\\htdocs\\villa\\villa\\vendor\\laravel\\framework\\src\\Illuminate\\Routing\\Pipeline.php(53): Illuminate\\Pipeline\\Pipeline->Illuminate\\Pipeline\\{closure}(Object(Illuminate\\Http\\Request))
#45 C:\\xampp\\htdocs\\villa\\villa\\vendor\\laravel\\framework\\src\\Illuminate\\Foundation\\Http\\Middleware\\TransformsRequest.php(30): Illuminate\\Routing\\Pipeline->Illuminate\\Routing\\{closure}(Object(Illuminate\\Http\\Request))
#46 C:\\xampp\\htdocs\\villa\\villa\\vendor\\laravel\\framework\\src\\Illuminate\\Pipeline\\Pipeline.php(149): Illuminate\\Foundation\\Http\\Middleware\\TransformsRequest->handle(Object(Illuminate\\Http\\Request), Object(Closure))
#47 C:\\xampp\\htdocs\\villa\\villa\\vendor\\laravel\\framework\\src\\Illuminate\\Routing\\Pipeline.php(53): Illuminate\\Pipeline\\Pipeline->Illuminate\\Pipeline\\{closure}(Object(Illuminate\\Http\\Request))
#48 C:\\xampp\\htdocs\\villa\\villa\\vendor\\laravel\\framework\\src\\Illuminate\\Foundation\\Http\\Middleware\\ValidatePostSize.php(27): Illuminate\\Routing\\Pipeline->Illuminate\\Routing\\{closure}(Object(Illuminate\\Http\\Request))
#49 C:\\xampp\\htdocs\\villa\\villa\\vendor\\laravel\\framework\\src\\Illuminate\\Pipeline\\Pipeline.php(149): Illuminate\\Foundation\\Http\\Middleware\\ValidatePostSize->handle(Object(Illuminate\\Http\\Request), Object(Closure))
#50 C:\\xampp\\htdocs\\villa\\villa\\vendor\\laravel\\framework\\src\\Illuminate\\Routing\\Pipeline.php(53): Illuminate\\Pipeline\\Pipeline->Illuminate\\Pipeline\\{closure}(Object(Illuminate\\Http\\Request))
#51 C:\\xampp\\htdocs\\villa\\villa\\vendor\\laravel\\framework\\src\\Illuminate\\Foundation\\Http\\Middleware\\CheckForMaintenanceMode.php(46): Illuminate\\Routing\\Pipeline->Illuminate\\Routing\\{closure}(Object(Illuminate\\Http\\Request))
#52 C:\\xampp\\htdocs\\villa\\villa\\vendor\\laravel\\framework\\src\\Illuminate\\Pipeline\\Pipeline.php(149): Illuminate\\Foundation\\Http\\Middleware\\CheckForMaintenanceMode->handle(Object(Illuminate\\Http\\Request), Object(Closure))
#53 C:\\xampp\\htdocs\\villa\\villa\\vendor\\laravel\\framework\\src\\Illuminate\\Routing\\Pipeline.php(53): Illuminate\\Pipeline\\Pipeline->Illuminate\\Pipeline\\{closure}(Object(Illuminate\\Http\\Request))
#54 C:\\xampp\\htdocs\\villa\\villa\\vendor\\laravel\\framework\\src\\Illuminate\\Pipeline\\Pipeline.php(102): Illuminate\\Routing\\Pipeline->Illuminate\\Routing\\{closure}(Object(Illuminate\\Http\\Request))
#55 C:\\xampp\\htdocs\\villa\\villa\\vendor\\laravel\\framework\\src\\Illuminate\\Foundation\\Http\\Kernel.php(151): Illuminate\\Pipeline\\Pipeline->then(Object(Closure))
#56 C:\\xampp\\htdocs\\villa\\villa\\vendor\\laravel\\framework\\src\\Illuminate\\Foundation\\Http\\Kernel.php(116): Illuminate\\Foundation\\Http\\Kernel->sendRequestThroughRouter(Object(Illuminate\\Http\\Request))
#57 C:\\xampp\\htdocs\\villa\\villa\\public\\index.php(55): Illuminate\\Foundation\\Http\\Kernel->handle(Object(Illuminate\\Http\\Request))
#58 {main}
"} 
[2018-03-17 21:07:15] local.ERROR: Parse error: syntax error, unexpected '__data' (T_STRING), expecting ',' or ')' (View: C:\xampp\htdocs\villa\villa\resources\views\user\dashboard\User.blade.php) {"userId":2,"exception":"[object] (ErrorException(code: 0): Parse error: syntax error, unexpected '__data' (T_STRING), expecting ',' or ')' (View: C:\\xampp\\htdocs\\villa\\villa\esources\\views\\user\\dashboard\\User.blade.php) at C:\\xampp\\htdocs\\villa\\villa\\storage\\framework\\views\\d2da04a91efe92d832208b33fb890b4fcee8dfec.php:73, Symfony\\Component\\Debug\\Exception\\FatalThrowableError(code: 0): Parse error: syntax error, unexpected '__data' (T_STRING), expecting ',' or ')' at C:\\xampp\\htdocs\\villa\\villa\\storage\\framework\\views\\d2da04a91efe92d832208b33fb890b4fcee8dfec.php:73)
[stacktrace]
#0 C:\\xampp\\htdocs\\villa\\villa\\vendor\\laravel\\framework\\src\\Illuminate\\View\\Engines\\PhpEngine.php(47): Illuminate\\View\\Engines\\CompilerEngine->handleViewException(Object(Symfony\\Component\\Debug\\Exception\\FatalThrowableError), 1)
#1 C:\\xampp\\htdocs\\villa\\villa\\vendor\\laravel\\framework\\src\\Illuminate\\View\\Engines\\CompilerEngine.php(59): Illuminate\\View\\Engines\\PhpEngine->evaluatePath('C:\\\\xampp\\\\htdocs...', Array)
#2 C:\\xampp\\htdocs\\villa\\villa\\vendor\\laravel\\framework\\src\\Illuminate\\View\\View.php(137): Illuminate\\View\\Engines\\CompilerEngine->get('C:\\\\xampp\\\\htdocs...', Array)
#3 C:\\xampp\\htdocs\\villa\\villa\\vendor\\laravel\\framework\\src\\Illuminate\\View\\View.php(120): Illuminate\\View\\View->getContents()
#4 C:\\xampp\\htdocs\\villa\\villa\\vendor\\laravel\\framework\\src\\Illuminate\\View\\View.php(85): Illuminate\\View\\View->renderContents()
#5 C:\\xampp\\htdocs\\villa\\villa\\vendor\\laravel\\framework\\src\\Illuminate\\Http\\Response.php(42): Illuminate\\View\\View->render()
#6 C:\\xampp\\htdocs\\villa\\villa\\vendor\\symfony\\http-foundation\\Response.php(196): Illuminate\\Http\\Response->setContent(Object(Illuminate\\View\\View))
#7 C:\\xampp\\htdocs\\villa\\villa\\vendor\\laravel\\framework\\src\\Illuminate\\Routing\\Router.php(727): Symfony\\Component\\HttpFoundation\\Response->__construct(Object(Illuminate\\View\\View))
#8 C:\\xampp\\htdocs\\villa\\villa\\vendor\\laravel\\framework\\src\\Illuminate\\Routing\\Router.php(699): Illuminate\\Routing\\Router::toResponse(Object(Illuminate\\Http\\Request), Object(Illuminate\\View\\View))
#9 C:\\xampp\\htdocs\\villa\\villa\\vendor\\laravel\\framework\\src\\Illuminate\\Routing\\Router.php(659): Illuminate\\Routing\\Router->prepareResponse(Object(Illuminate\\Http\\Request), Object(Illuminate\\View\\View))
#10 C:\\xampp\\htdocs\\villa\\villa\\vendor\\laravel\\framework\\src\\Illuminate\\Routing\\Pipeline.php(30): Illuminate\\Routing\\Router->Illuminate\\Routing\\{closure}(Object(Illuminate\\Http\\Request))
#11 C:\\xampp\\htdocs\\villa\\villa\\vendor\\laravel\\framework\\src\\Illuminate\\Routing\\Middleware\\SubstituteBindings.php(41): Illuminate\\Routing\\Pipeline->Illuminate\\Routing\\{closure}(Object(Illuminate\\Http\\Request))
#12 C:\\xampp\\htdocs\\villa\\villa\\vendor\\laravel\\framework\\src\\Illuminate\\Pipeline\\Pipeline.php(149): Illuminate\\Routing\\Middleware\\SubstituteBindings->handle(Object(Illuminate\\Http\\Request), Object(Closure))
#13 C:\\xampp\\htdocs\\villa\\villa\\vendor\\laravel\\framework\\src\\Illuminate\\Routing\\Pipeline.php(53): Illuminate\\Pipeline\\Pipeline->Illuminate\\Pipeline\\{closure}(Object(Illuminate\\Http\\Request))
#14 C:\\xampp\\htdocs\\villa\\villa\\vendor\\laravel\\framework\\src\\Illuminate\\Auth\\Middleware\\Authenticate.php(43): Illuminate\\Routing\\Pipeline->Illuminate\\Routing\\{closure}(Object(Illuminate\\Http\\Request))
#15 C:\\xampp\\htdocs\\villa\\villa\\vendor\\laravel\\framework\\src\\Illuminate\\Pipeline\\Pipeline.php(149): Illuminate\\Auth\\Middleware\\Authenticate->handle(Object(Illuminate\\Http\\Request), Object(Closure), 'user')
#16 C:\\xampp\\htdocs\\villa\\villa\\vendor\\laravel\\framework\\src\\Illuminate\\Routing\\Pipeline.php(53): Illuminate\\Pipeline\\Pipeline->Illuminate\\Pipeline\\{closure}(Object(Illuminate\\Http\\Request))
#17 C:\\xampp\\htdocs\\villa\\villa\\vendor\\laravel\\framework\\src\\Illuminate\\Foundation\\Http\\Middleware\\VerifyCsrfToken.php(67): Illuminate\\Routing\\Pipeline->Illuminate\\Routing\\{closure}(Object(Illuminate\\Http\\Request))
#18 C:\\xampp\\htdocs\\villa\\villa\\vendor\\laravel\\framework\\src\\Illuminate\\Pipeline\\Pipeline.php(149): Illuminate\\Foundation\\Http\\Middleware\\VerifyCsrfToken->handle(Object(Illuminate\\Http\\Request), Object(Closure))
#19 C:\\xampp\\htdocs\\villa\\villa\\vendor\\laravel\\framework\\src\\Illuminate\\Routing\\Pipeline.php(53): Illuminate\\Pipeline\\Pipeline->Illuminate\\Pipeline\\{closure}(Object(Illuminate\\Http\\Request))
#20 C:\\xampp\\htdocs\\villa\\villa\\vendor\\laravel\\framework\\src\\Illuminate\\View\\Middleware\\ShareErrorsFromSession.php(49): Illuminate\\Routing\\Pipeline->Illuminate\\Routing\\{closure}(Object(Illuminate\\Http\\Request))
#21 C:\\xampp\\htdocs\\villa\\villa\\vendor\\laravel\\framework\\src\\Illuminate\\Pipeline\\Pipeline.php(149): Illuminate\\View\\Middleware\\ShareErrorsFromSession->handle(Object(Illuminate\\Http\\Request), Object(Closure))
#22 C:\\xampp\\htdocs\\villa\\villa\\vendor\\laravel\\framework\\src\\Illuminate\\Routing\\Pipeline.php(53): Illuminate\\Pipeline\\Pipeline->Illuminate\\Pipeline\\{closure}(Object(Illuminate\\Http\\Request))
#23 C:\\xampp\\htdocs\\villa\\villa\\vendor\\laravel\\framework\\src\\Illuminate\\Session\\Middleware\\StartSession.php(63): Illuminate\\Routing\\Pipeline->Illuminate\\Routing\\{closure}(Object(Illuminate\\Http\\Request))
#24 C:\\xampp\\htdocs\\villa\\villa\\vendor\\laravel\\framework\\src\\Illuminate\\Pipeline\\Pipeline.php(149): Illuminate\\Session\\Middleware\\StartSession->handle(Object(Illuminate\\Http\\Request), Object(Closure))
#25 C:\\xampp\\htdocs\\villa\\villa\\vendor\\laravel\\framework\\src\\Illuminate\\Routing\\Pipeline.php(53): Illuminate\\Pipeline\\Pipeline->Illuminate\\Pipeline\\{closure}(Object(Illuminate\\Http\\Request))
#26 C:\\xampp\\htdocs\\villa\\villa\\vendor\\laravel\\framework\\src\\Illuminate\\Cookie\\Middleware\\AddQueuedCookiesToResponse.php(37): Illuminate\\Routing\\Pipeline->Illuminate\\Routing\\{closure}(Object(Illuminate\\Http\\Request))
#27 C:\\xampp\\htdocs\\villa\\villa\\vendor\\laravel\\framework\\src\\Illuminate\\Pipeline\\Pipeline.php(149): Illuminate\\Cookie\\Middleware\\AddQueuedCookiesToResponse->handle(Object(Illuminate\\Http\\Request), Object(Closure))
#28 C:\\xampp\\htdocs\\villa\\villa\\vendor\\laravel\\framework\\src\\Illuminate\\Routing\\Pipeline.php(53): Illuminate\\Pipeline\\Pipeline->Illuminate\\Pipeline\\{closure}(Object(Illuminate\\Http\\Request))
#29 C:\\xampp\\htdocs\\villa\\villa\\vendor\\laravel\\framework\\src\\Illuminate\\Cookie\\Middleware\\EncryptCookies.php(59): Illuminate\\Routing\\Pipeline->Illuminate\\Routing\\{closure}(Object(Illuminate\\Http\\Request))
#30 C:\\xampp\\htdocs\\villa\\villa\\vendor\\laravel\\framework\\src\\Illuminate\\Pipeline\\Pipeline.php(149): Illuminate\\Cookie\\Middleware\\EncryptCookies->handle(Object(Illuminate\\Http\\Request), Object(Closure))
#31 C:\\xampp\\htdocs\\villa\\villa\\vendor\\laravel\\framework\\src\\Illuminate\\Routing\\Pipeline.php(53): Illuminate\\Pipeline\\Pipeline->Illuminate\\Pipeline\\{closure}(Object(Illuminate\\Http\\Request))
#32 C:\\xampp\\htdocs\\villa\\villa\\vendor\\laravel\\framework\\src\\Illuminate\\Pipeline\\Pipeline.php(102): Illuminate\\Routing\\Pipeline->Illuminate\\Routing\\{closure}(Object(Illuminate\\Http\\Request))
#33 C:\\xampp\\htdocs\\villa\\villa\\vendor\\laravel\\framework\\src\\Illuminate\\Routing\\Router.php(661): Illuminate\\Pipeline\\Pipeline->then(Object(Closure))
#34 C:\\xampp\\htdocs\\villa\\villa\\vendor\\laravel\\framework\\src\\Illuminate\\Routing\\Router.php(636): Illuminate\\Routing\\Router->runRouteWithinStack(Object(Illuminate\\Routing\\Route), Object(Illuminate\\Http\\Request))
#35 C:\\xampp\\htdocs\\villa\\villa\\vendor\\laravel\\framework\\src\\Illuminate\\Routing\\Router.php(602): Illuminate\\Routing\\Router->runRoute(Object(Illuminate\\Http\\Request), Object(Illuminate\\Routing\\Route))
#36 C:\\xampp\\htdocs\\villa\\villa\\vendor\\laravel\\framework\\src\\Illuminate\\Routing\\Router.php(591): Illuminate\\Routing\\Router->dispatchToRoute(Object(Illuminate\\Http\\Request))
#37 C:\\xampp\\htdocs\\villa\\villa\\vendor\\laravel\\framework\\src\\Illuminate\\Foundation\\Http\\Kernel.php(176): Illuminate\\Routing\\Router->dispatch(Object(Illuminate\\Http\\Request))
#38 C:\\xampp\\htdocs\\villa\\villa\\vendor\\laravel\\framework\\src\\Illuminate\\Routing\\Pipeline.php(30): Illuminate\\Foundation\\Http\\Kernel->Illuminate\\Foundation\\Http\\{closure}(Object(Illuminate\\Http\\Request))
#39 C:\\xampp\\htdocs\\villa\\villa\\vendor\\fideloper\\proxy\\src\\TrustProxies.php(57): Illuminate\\Routing\\Pipeline->Illuminate\\Routing\\{closure}(Object(Illuminate\\Http\\Request))
#40 C:\\xampp\\htdocs\\villa\\villa\\vendor\\laravel\\framework\\src\\Illuminate\\Pipeline\\Pipeline.php(149): Fideloper\\Proxy\\TrustProxies->handle(Object(Illuminate\\Http\\Request), Object(Closure))
#41 C:\\xampp\\htdocs\\villa\\villa\\vendor\\laravel\\framework\\src\\Illuminate\\Routing\\Pipeline.php(53): Illuminate\\Pipeline\\Pipeline->Illuminate\\Pipeline\\{closure}(Object(Illuminate\\Http\\Request))
#42 C:\\xampp\\htdocs\\villa\\villa\\vendor\\laravel\\framework\\src\\Illuminate\\Foundation\\Http\\Middleware\\TransformsRequest.php(30): Illuminate\\Routing\\Pipeline->Illuminate\\Routing\\{closure}(Object(Illuminate\\Http\\Request))
#43 C:\\xampp\\htdocs\\villa\\villa\\vendor\\laravel\\framework\\src\\Illuminate\\Pipeline\\Pipeline.php(149): Illuminate\\Foundation\\Http\\Middleware\\TransformsRequest->handle(Object(Illuminate\\Http\\Request), Object(Closure))
#44 C:\\xampp\\htdocs\\villa\\villa\\vendor\\laravel\\framework\\src\\Illuminate\\Routing\\Pipeline.php(53): Illuminate\\Pipeline\\Pipeline->Illuminate\\Pipeline\\{closure}(Object(Illuminate\\Http\\Request))
#45 C:\\xampp\\htdocs\\villa\\villa\\vendor\\laravel\\framework\\src\\Illuminate\\Foundation\\Http\\Middleware\\TransformsRequest.php(30): Illuminate\\Routing\\Pipeline->Illuminate\\Routing\\{closure}(Object(Illuminate\\Http\\Request))
#46 C:\\xampp\\htdocs\\villa\\villa\\vendor\\laravel\\framework\\src\\Illuminate\\Pipeline\\Pipeline.php(149): Illuminate\\Foundation\\Http\\Middleware\\TransformsRequest->handle(Object(Illuminate\\Http\\Request), Object(Closure))
#47 C:\\xampp\\htdocs\\villa\\villa\\vendor\\laravel\\framework\\src\\Illuminate\\Routing\\Pipeline.php(53): Illuminate\\Pipeline\\Pipeline->Illuminate\\Pipeline\\{closure}(Object(Illuminate\\Http\\Request))
#48 C:\\xampp\\htdocs\\villa\\villa\\vendor\\laravel\\framework\\src\\Illuminate\\Foundation\\Http\\Middleware\\ValidatePostSize.php(27): Illuminate\\Routing\\Pipeline->Illuminate\\Routing\\{closure}(Object(Illuminate\\Http\\Request))
#49 C:\\xampp\\htdocs\\villa\\villa\\vendor\\laravel\\framework\\src\\Illuminate\\Pipeline\\Pipeline.php(149): Illuminate\\Foundation\\Http\\Middleware\\ValidatePostSize->handle(Object(Illuminate\\Http\\Request), Object(Closure))
#50 C:\\xampp\\htdocs\\villa\\villa\\vendor\\laravel\\framework\\src\\Illuminate\\Routing\\Pipeline.php(53): Illuminate\\Pipeline\\Pipeline->Illuminate\\Pipeline\\{closure}(Object(Illuminate\\Http\\Request))
#51 C:\\xampp\\htdocs\\villa\\villa\\vendor\\laravel\\framework\\src\\Illuminate\\Foundation\\Http\\Middleware\\CheckForMaintenanceMode.php(46): Illuminate\\Routing\\Pipeline->Illuminate\\Routing\\{closure}(Object(Illuminate\\Http\\Request))
#52 C:\\xampp\\htdocs\\villa\\villa\\vendor\\laravel\\framework\\src\\Illuminate\\Pipeline\\Pipeline.php(149): Illuminate\\Foundation\\Http\\Middleware\\CheckForMaintenanceMode->handle(Object(Illuminate\\Http\\Request), Object(Closure))
#53 C:\\xampp\\htdocs\\villa\\villa\\vendor\\laravel\\framework\\src\\Illuminate\\Routing\\Pipeline.php(53): Illuminate\\Pipeline\\Pipeline->Illuminate\\Pipeline\\{closure}(Object(Illuminate\\Http\\Request))
#54 C:\\xampp\\htdocs\\villa\\villa\\vendor\\laravel\\framework\\src\\Illuminate\\Pipeline\\Pipeline.php(102): Illuminate\\Routing\\Pipeline->Illuminate\\Routing\\{closure}(Object(Illuminate\\Http\\Request))
#55 C:\\xampp\\htdocs\\villa\\villa\\vendor\\laravel\\framework\\src\\Illuminate\\Foundation\\Http\\Kernel.php(151): Illuminate\\Pipeline\\Pipeline->then(Object(Closure))
#56 C:\\xampp\\htdocs\\villa\\villa\\vendor\\laravel\\framework\\src\\Illuminate\\Foundation\\Http\\Kernel.php(116): Illuminate\\Foundation\\Http\\Kernel->sendRequestThroughRouter(Object(Illuminate\\Http\\Request))
#57 C:\\xampp\\htdocs\\villa\\villa\\public\\index.php(55): Illuminate\\Foundation\\Http\\Kernel->handle(Object(Illuminate\\Http\\Request))
#58 {main}
"} 
[2018-03-17 21:07:50] local.ERROR: Parse error: syntax error, unexpected '__data' (T_STRING), expecting ',' or ')' (View: C:\xampp\htdocs\villa\villa\resources\views\user\dashboard\User.blade.php) {"userId":2,"exception":"[object] (ErrorException(code: 0): Parse error: syntax error, unexpected '__data' (T_STRING), expecting ',' or ')' (View: C:\\xampp\\htdocs\\villa\\villa\esources\\views\\user\\dashboard\\User.blade.php) at C:\\xampp\\htdocs\\villa\\villa\\storage\\framework\\views\\d2da04a91efe92d832208b33fb890b4fcee8dfec.php:74, Symfony\\Component\\Debug\\Exception\\FatalThrowableError(code: 0): Parse error: syntax error, unexpected '__data' (T_STRING), expecting ',' or ')' at C:\\xampp\\htdocs\\villa\\villa\\storage\\framework\\views\\d2da04a91efe92d832208b33fb890b4fcee8dfec.php:74)
[stacktrace]
#0 C:\\xampp\\htdocs\\villa\\villa\\vendor\\laravel\\framework\\src\\Illuminate\\View\\Engines\\PhpEngine.php(47): Illuminate\\View\\Engines\\CompilerEngine->handleViewException(Object(Symfony\\Component\\Debug\\Exception\\FatalThrowableError), 1)
#1 C:\\xampp\\htdocs\\villa\\villa\\vendor\\laravel\\framework\\src\\Illuminate\\View\\Engines\\CompilerEngine.php(59): Illuminate\\View\\Engines\\PhpEngine->evaluatePath('C:\\\\xampp\\\\htdocs...', Array)
#2 C:\\xampp\\htdocs\\villa\\villa\\vendor\\laravel\\framework\\src\\Illuminate\\View\\View.php(137): Illuminate\\View\\Engines\\CompilerEngine->get('C:\\\\xampp\\\\htdocs...', Array)
#3 C:\\xampp\\htdocs\\villa\\villa\\vendor\\laravel\\framework\\src\\Illuminate\\View\\View.php(120): Illuminate\\View\\View->getContents()
#4 C:\\xampp\\htdocs\\villa\\villa\\vendor\\laravel\\framework\\src\\Illuminate\\View\\View.php(85): Illuminate\\View\\View->renderContents()
#5 C:\\xampp\\htdocs\\villa\\villa\\vendor\\laravel\\framework\\src\\Illuminate\\Http\\Response.php(42): Illuminate\\View\\View->render()
#6 C:\\xampp\\htdocs\\villa\\villa\\vendor\\symfony\\http-foundation\\Response.php(196): Illuminate\\Http\\Response->setContent(Object(Illuminate\\View\\View))
#7 C:\\xampp\\htdocs\\villa\\villa\\vendor\\laravel\\framework\\src\\Illuminate\\Routing\\Router.php(727): Symfony\\Component\\HttpFoundation\\Response->__construct(Object(Illuminate\\View\\View))
#8 C:\\xampp\\htdocs\\villa\\villa\\vendor\\laravel\\framework\\src\\Illuminate\\Routing\\Router.php(699): Illuminate\\Routing\\Router::toResponse(Object(Illuminate\\Http\\Request), Object(Illuminate\\View\\View))
#9 C:\\xampp\\htdocs\\villa\\villa\\vendor\\laravel\\framework\\src\\Illuminate\\Routing\\Router.php(659): Illuminate\\Routing\\Router->prepareResponse(Object(Illuminate\\Http\\Request), Object(Illuminate\\View\\View))
#10 C:\\xampp\\htdocs\\villa\\villa\\vendor\\laravel\\framework\\src\\Illuminate\\Routing\\Pipeline.php(30): Illuminate\\Routing\\Router->Illuminate\\Routing\\{closure}(Object(Illuminate\\Http\\Request))
#11 C:\\xampp\\htdocs\\villa\\villa\\vendor\\laravel\\framework\\src\\Illuminate\\Routing\\Middleware\\SubstituteBindings.php(41): Illuminate\\Routing\\Pipeline->Illuminate\\Routing\\{closure}(Object(Illuminate\\Http\\Request))
#12 C:\\xampp\\htdocs\\villa\\villa\\vendor\\laravel\\framework\\src\\Illuminate\\Pipeline\\Pipeline.php(149): Illuminate\\Routing\\Middleware\\SubstituteBindings->handle(Object(Illuminate\\Http\\Request), Object(Closure))
#13 C:\\xampp\\htdocs\\villa\\villa\\vendor\\laravel\\framework\\src\\Illuminate\\Routing\\Pipeline.php(53): Illuminate\\Pipeline\\Pipeline->Illuminate\\Pipeline\\{closure}(Object(Illuminate\\Http\\Request))
#14 C:\\xampp\\htdocs\\villa\\villa\\vendor\\laravel\\framework\\src\\Illuminate\\Auth\\Middleware\\Authenticate.php(43): Illuminate\\Routing\\Pipeline->Illuminate\\Routing\\{closure}(Object(Illuminate\\Http\\Request))
#15 C:\\xampp\\htdocs\\villa\\villa\\vendor\\laravel\\framework\\src\\Illuminate\\Pipeline\\Pipeline.php(149): Illuminate\\Auth\\Middleware\\Authenticate->handle(Object(Illuminate\\Http\\Request), Object(Closure), 'user')
#16 C:\\xampp\\htdocs\\villa\\villa\\vendor\\laravel\\framework\\src\\Illuminate\\Routing\\Pipeline.php(53): Illuminate\\Pipeline\\Pipeline->Illuminate\\Pipeline\\{closure}(Object(Illuminate\\Http\\Request))
#17 C:\\xampp\\htdocs\\villa\\villa\\vendor\\laravel\\framework\\src\\Illuminate\\Foundation\\Http\\Middleware\\VerifyCsrfToken.php(67): Illuminate\\Routing\\Pipeline->Illuminate\\Routing\\{closure}(Object(Illuminate\\Http\\Request))
#18 C:\\xampp\\htdocs\\villa\\villa\\vendor\\laravel\\framework\\src\\Illuminate\\Pipeline\\Pipeline.php(149): Illuminate\\Foundation\\Http\\Middleware\\VerifyCsrfToken->handle(Object(Illuminate\\Http\\Request), Object(Closure))
#19 C:\\xampp\\htdocs\\villa\\villa\\vendor\\laravel\\framework\\src\\Illuminate\\Routing\\Pipeline.php(53): Illuminate\\Pipeline\\Pipeline->Illuminate\\Pipeline\\{closure}(Object(Illuminate\\Http\\Request))
#20 C:\\xampp\\htdocs\\villa\\villa\\vendor\\laravel\\framework\\src\\Illuminate\\View\\Middleware\\ShareErrorsFromSession.php(49): Illuminate\\Routing\\Pipeline->Illuminate\\Routing\\{closure}(Object(Illuminate\\Http\\Request))
#21 C:\\xampp\\htdocs\\villa\\villa\\vendor\\laravel\\framework\\src\\Illuminate\\Pipeline\\Pipeline.php(149): Illuminate\\View\\Middleware\\ShareErrorsFromSession->handle(Object(Illuminate\\Http\\Request), Object(Closure))
#22 C:\\xampp\\htdocs\\villa\\villa\\vendor\\laravel\\framework\\src\\Illuminate\\Routing\\Pipeline.php(53): Illuminate\\Pipeline\\Pipeline->Illuminate\\Pipeline\\{closure}(Object(Illuminate\\Http\\Request))
#23 C:\\xampp\\htdocs\\villa\\villa\\vendor\\laravel\\framework\\src\\Illuminate\\Session\\Middleware\\StartSession.php(63): Illuminate\\Routing\\Pipeline->Illuminate\\Routing\\{closure}(Object(Illuminate\\Http\\Request))
#24 C:\\xampp\\htdocs\\villa\\villa\\vendor\\laravel\\framework\\src\\Illuminate\\Pipeline\\Pipeline.php(149): Illuminate\\Session\\Middleware\\StartSession->handle(Object(Illuminate\\Http\\Request), Object(Closure))
#25 C:\\xampp\\htdocs\\villa\\villa\\vendor\\laravel\\framework\\src\\Illuminate\\Routing\\Pipeline.php(53): Illuminate\\Pipeline\\Pipeline->Illuminate\\Pipeline\\{closure}(Object(Illuminate\\Http\\Request))
#26 C:\\xampp\\htdocs\\villa\\villa\\vendor\\laravel\\framework\\src\\Illuminate\\Cookie\\Middleware\\AddQueuedCookiesToResponse.php(37): Illuminate\\Routing\\Pipeline->Illuminate\\Routing\\{closure}(Object(Illuminate\\Http\\Request))
#27 C:\\xampp\\htdocs\\villa\\villa\\vendor\\laravel\\framework\\src\\Illuminate\\Pipeline\\Pipeline.php(149): Illuminate\\Cookie\\Middleware\\AddQueuedCookiesToResponse->handle(Object(Illuminate\\Http\\Request), Object(Closure))
#28 C:\\xampp\\htdocs\\villa\\villa\\vendor\\laravel\\framework\\src\\Illuminate\\Routing\\Pipeline.php(53): Illuminate\\Pipeline\\Pipeline->Illuminate\\Pipeline\\{closure}(Object(Illuminate\\Http\\Request))
#29 C:\\xampp\\htdocs\\villa\\villa\\vendor\\laravel\\framework\\src\\Illuminate\\Cookie\\Middleware\\EncryptCookies.php(59): Illuminate\\Routing\\Pipeline->Illuminate\\Routing\\{closure}(Object(Illuminate\\Http\\Request))
#30 C:\\xampp\\htdocs\\villa\\villa\\vendor\\laravel\\framework\\src\\Illuminate\\Pipeline\\Pipeline.php(149): Illuminate\\Cookie\\Middleware\\EncryptCookies->handle(Object(Illuminate\\Http\\Request), Object(Closure))
#31 C:\\xampp\\htdocs\\villa\\villa\\vendor\\laravel\\framework\\src\\Illuminate\\Routing\\Pipeline.php(53): Illuminate\\Pipeline\\Pipeline->Illuminate\\Pipeline\\{closure}(Object(Illuminate\\Http\\Request))
#32 C:\\xampp\\htdocs\\villa\\villa\\vendor\\laravel\\framework\\src\\Illuminate\\Pipeline\\Pipeline.php(102): Illuminate\\Routing\\Pipeline->Illuminate\\Routing\\{closure}(Object(Illuminate\\Http\\Request))
#33 C:\\xampp\\htdocs\\villa\\villa\\vendor\\laravel\\framework\\src\\Illuminate\\Routing\\Router.php(661): Illuminate\\Pipeline\\Pipeline->then(Object(Closure))
#34 C:\\xampp\\htdocs\\villa\\villa\\vendor\\laravel\\framework\\src\\Illuminate\\Routing\\Router.php(636): Illuminate\\Routing\\Router->runRouteWithinStack(Object(Illuminate\\Routing\\Route), Object(Illuminate\\Http\\Request))
#35 C:\\xampp\\htdocs\\villa\\villa\\vendor\\laravel\\framework\\src\\Illuminate\\Routing\\Router.php(602): Illuminate\\Routing\\Router->runRoute(Object(Illuminate\\Http\\Request), Object(Illuminate\\Routing\\Route))
#36 C:\\xampp\\htdocs\\villa\\villa\\vendor\\laravel\\framework\\src\\Illuminate\\Routing\\Router.php(591): Illuminate\\Routing\\Router->dispatchToRoute(Object(Illuminate\\Http\\Request))
#37 C:\\xampp\\htdocs\\villa\\villa\\vendor\\laravel\\framework\\src\\Illuminate\\Foundation\\Http\\Kernel.php(176): Illuminate\\Routing\\Router->dispatch(Object(Illuminate\\Http\\Request))
#38 C:\\xampp\\htdocs\\villa\\villa\\vendor\\laravel\\framework\\src\\Illuminate\\Routing\\Pipeline.php(30): Illuminate\\Foundation\\Http\\Kernel->Illuminate\\Foundation\\Http\\{closure}(Object(Illuminate\\Http\\Request))
#39 C:\\xampp\\htdocs\\villa\\villa\\vendor\\fideloper\\proxy\\src\\TrustProxies.php(57): Illuminate\\Routing\\Pipeline->Illuminate\\Routing\\{closure}(Object(Illuminate\\Http\\Request))
#40 C:\\xampp\\htdocs\\villa\\villa\\vendor\\laravel\\framework\\src\\Illuminate\\Pipeline\\Pipeline.php(149): Fideloper\\Proxy\\TrustProxies->handle(Object(Illuminate\\Http\\Request), Object(Closure))
#41 C:\\xampp\\htdocs\\villa\\villa\\vendor\\laravel\\framework\\src\\Illuminate\\Routing\\Pipeline.php(53): Illuminate\\Pipeline\\Pipeline->Illuminate\\Pipeline\\{closure}(Object(Illuminate\\Http\\Request))
#42 C:\\xampp\\htdocs\\villa\\villa\\vendor\\laravel\\framework\\src\\Illuminate\\Foundation\\Http\\Middleware\\TransformsRequest.php(30): Illuminate\\Routing\\Pipeline->Illuminate\\Routing\\{closure}(Object(Illuminate\\Http\\Request))
#43 C:\\xampp\\htdocs\\villa\\villa\\vendor\\laravel\\framework\\src\\Illuminate\\Pipeline\\Pipeline.php(149): Illuminate\\Foundation\\Http\\Middleware\\TransformsRequest->handle(Object(Illuminate\\Http\\Request), Object(Closure))
#44 C:\\xampp\\htdocs\\villa\\villa\\vendor\\laravel\\framework\\src\\Illuminate\\Routing\\Pipeline.php(53): Illuminate\\Pipeline\\Pipeline->Illuminate\\Pipeline\\{closure}(Object(Illuminate\\Http\\Request))
#45 C:\\xampp\\htdocs\\villa\\villa\\vendor\\laravel\\framework\\src\\Illuminate\\Foundation\\Http\\Middleware\\TransformsRequest.php(30): Illuminate\\Routing\\Pipeline->Illuminate\\Routing\\{closure}(Object(Illuminate\\Http\\Request))
#46 C:\\xampp\\htdocs\\villa\\villa\\vendor\\laravel\\framework\\src\\Illuminate\\Pipeline\\Pipeline.php(149): Illuminate\\Foundation\\Http\\Middleware\\TransformsRequest->handle(Object(Illuminate\\Http\\Request), Object(Closure))
#47 C:\\xampp\\htdocs\\villa\\villa\\vendor\\laravel\\framework\\src\\Illuminate\\Routing\\Pipeline.php(53): Illuminate\\Pipeline\\Pipeline->Illuminate\\Pipeline\\{closure}(Object(Illuminate\\Http\\Request))
#48 C:\\xampp\\htdocs\\villa\\villa\\vendor\\laravel\\framework\\src\\Illuminate\\Foundation\\Http\\Middleware\\ValidatePostSize.php(27): Illuminate\\Routing\\Pipeline->Illuminate\\Routing\\{closure}(Object(Illuminate\\Http\\Request))
#49 C:\\xampp\\htdocs\\villa\\villa\\vendor\\laravel\\framework\\src\\Illuminate\\Pipeline\\Pipeline.php(149): Illuminate\\Foundation\\Http\\Middleware\\ValidatePostSize->handle(Object(Illuminate\\Http\\Request), Object(Closure))
#50 C:\\xampp\\htdocs\\villa\\villa\\vendor\\laravel\\framework\\src\\Illuminate\\Routing\\Pipeline.php(53): Illuminate\\Pipeline\\Pipeline->Illuminate\\Pipeline\\{closure}(Object(Illuminate\\Http\\Request))
#51 C:\\xampp\\htdocs\\villa\\villa\\vendor\\laravel\\framework\\src\\Illuminate\\Foundation\\Http\\Middleware\\CheckForMaintenanceMode.php(46): Illuminate\\Routing\\Pipeline->Illuminate\\Routing\\{closure}(Object(Illuminate\\Http\\Request))
#52 C:\\xampp\\htdocs\\villa\\villa\\vendor\\laravel\\framework\\src\\Illuminate\\Pipeline\\Pipeline.php(149): Illuminate\\Foundation\\Http\\Middleware\\CheckForMaintenanceMode->handle(Object(Illuminate\\Http\\Request), Object(Closure))
#53 C:\\xampp\\htdocs\\villa\\villa\\vendor\\laravel\\framework\\src\\Illuminate\\Routing\\Pipeline.php(53): Illuminate\\Pipeline\\Pipeline->Illuminate\\Pipeline\\{closure}(Object(Illuminate\\Http\\Request))
#54 C:\\xampp\\htdocs\\villa\\villa\\vendor\\laravel\\framework\\src\\Illuminate\\Pipeline\\Pipeline.php(102): Illuminate\\Routing\\Pipeline->Illuminate\\Routing\\{closure}(Object(Illuminate\\Http\\Request))
#55 C:\\xampp\\htdocs\\villa\\villa\\vendor\\laravel\\framework\\src\\Illuminate\\Foundation\\Http\\Kernel.php(151): Illuminate\\Pipeline\\Pipeline->then(Object(Closure))
#56 C:\\xampp\\htdocs\\villa\\villa\\vendor\\laravel\\framework\\src\\Illuminate\\Foundation\\Http\\Kernel.php(116): Illuminate\\Foundation\\Http\\Kernel->sendRequestThroughRouter(Object(Illuminate\\Http\\Request))
#57 C:\\xampp\\htdocs\\villa\\villa\\public\\index.php(55): Illuminate\\Foundation\\Http\\Kernel->handle(Object(Illuminate\\Http\\Request))
#58 {main}
"} 
[2018-03-17 21:18:36] local.ERROR: Array to string conversion {"userId":2,"exception":"[object] (ErrorException(code: 0): Array to string conversion at C:\\xampp\\htdocs\\villa\\villa\\app\\Http\\Controllers\\users\\UserController.php:13)
[stacktrace]
#0 C:\\xampp\\htdocs\\villa\\villa\\app\\Http\\Controllers\\users\\UserController.php(13): Illuminate\\Foundation\\Bootstrap\\HandleExceptions->handleError(8, 'Array to string...', 'C:\\\\xampp\\\\htdocs...', 13, Array)
#1 [internal function]: App\\Http\\Controllers\\users\\UserController->showUser()
#2 C:\\xampp\\htdocs\\villa\\villa\\vendor\\laravel\\framework\\src\\Illuminate\\Routing\\Controller.php(54): call_user_func_array(Array, Array)
#3 C:\\xampp\\htdocs\\villa\\villa\\vendor\\laravel\\framework\\src\\Illuminate\\Routing\\ControllerDispatcher.php(45): Illuminate\\Routing\\Controller->callAction('showUser', Array)
#4 C:\\xampp\\htdocs\\villa\\villa\\vendor\\laravel\\framework\\src\\Illuminate\\Routing\\Route.php(212): Illuminate\\Routing\\ControllerDispatcher->dispatch(Object(Illuminate\\Routing\\Route), Object(App\\Http\\Controllers\\users\\UserController), 'showUser')
#5 C:\\xampp\\htdocs\\villa\\villa\\vendor\\laravel\\framework\\src\\Illuminate\\Routing\\Route.php(169): Illuminate\\Routing\\Route->runController()
#6 C:\\xampp\\htdocs\\villa\\villa\\vendor\\laravel\\framework\\src\\Illuminate\\Routing\\Router.php(659): Illuminate\\Routing\\Route->run()
#7 C:\\xampp\\htdocs\\villa\\villa\\vendor\\laravel\\framework\\src\\Illuminate\\Routing\\Pipeline.php(30): Illuminate\\Routing\\Router->Illuminate\\Routing\\{closure}(Object(Illuminate\\Http\\Request))
#8 C:\\xampp\\htdocs\\villa\\villa\\vendor\\laravel\\framework\\src\\Illuminate\\Routing\\Middleware\\SubstituteBindings.php(41): Illuminate\\Routing\\Pipeline->Illuminate\\Routing\\{closure}(Object(Illuminate\\Http\\Request))
#9 C:\\xampp\\htdocs\\villa\\villa\\vendor\\laravel\\framework\\src\\Illuminate\\Pipeline\\Pipeline.php(149): Illuminate\\Routing\\Middleware\\SubstituteBindings->handle(Object(Illuminate\\Http\\Request), Object(Closure))
#10 C:\\xampp\\htdocs\\villa\\villa\\vendor\\laravel\\framework\\src\\Illuminate\\Routing\\Pipeline.php(53): Illuminate\\Pipeline\\Pipeline->Illuminate\\Pipeline\\{closure}(Object(Illuminate\\Http\\Request))
#11 C:\\xampp\\htdocs\\villa\\villa\\vendor\\laravel\\framework\\src\\Illuminate\\Auth\\Middleware\\Authenticate.php(43): Illuminate\\Routing\\Pipeline->Illuminate\\Routing\\{closure}(Object(Illuminate\\Http\\Request))
#12 C:\\xampp\\htdocs\\villa\\villa\\vendor\\laravel\\framework\\src\\Illuminate\\Pipeline\\Pipeline.php(149): Illuminate\\Auth\\Middleware\\Authenticate->handle(Object(Illuminate\\Http\\Request), Object(Closure), 'user')
#13 C:\\xampp\\htdocs\\villa\\villa\\vendor\\laravel\\framework\\src\\Illuminate\\Routing\\Pipeline.php(53): Illuminate\\Pipeline\\Pipeline->Illuminate\\Pipeline\\{closure}(Object(Illuminate\\Http\\Request))
#14 C:\\xampp\\htdocs\\villa\\villa\\vendor\\laravel\\framework\\src\\Illuminate\\Foundation\\Http\\Middleware\\VerifyCsrfToken.php(67): Illuminate\\Routing\\Pipeline->Illuminate\\Routing\\{closure}(Object(Illuminate\\Http\\Request))
#15 C:\\xampp\\htdocs\\villa\\villa\\vendor\\laravel\\framework\\src\\Illuminate\\Pipeline\\Pipeline.php(149): Illuminate\\Foundation\\Http\\Middleware\\VerifyCsrfToken->handle(Object(Illuminate\\Http\\Request), Object(Closure))
#16 C:\\xampp\\htdocs\\villa\\villa\\vendor\\laravel\\framework\\src\\Illuminate\\Routing\\Pipeline.php(53): Illuminate\\Pipeline\\Pipeline->Illuminate\\Pipeline\\{closure}(Object(Illuminate\\Http\\Request))
#17 C:\\xampp\\htdocs\\villa\\villa\\vendor\\laravel\\framework\\src\\Illuminate\\View\\Middleware\\ShareErrorsFromSession.php(49): Illuminate\\Routing\\Pipeline->Illuminate\\Routing\\{closure}(Object(Illuminate\\Http\\Request))
#18 C:\\xampp\\htdocs\\villa\\villa\\vendor\\laravel\\framework\\src\\Illuminate\\Pipeline\\Pipeline.php(149): Illuminate\\View\\Middleware\\ShareErrorsFromSession->handle(Object(Illuminate\\Http\\Request), Object(Closure))
#19 C:\\xampp\\htdocs\\villa\\villa\\vendor\\laravel\\framework\\src\\Illuminate\\Routing\\Pipeline.php(53): Illuminate\\Pipeline\\Pipeline->Illuminate\\Pipeline\\{closure}(Object(Illuminate\\Http\\Request))
#20 C:\\xampp\\htdocs\\villa\\villa\\vendor\\laravel\\framework\\src\\Illuminate\\Session\\Middleware\\StartSession.php(63): Illuminate\\Routing\\Pipeline->Illuminate\\Routing\\{closure}(Object(Illuminate\\Http\\Request))
#21 C:\\xampp\\htdocs\\villa\\villa\\vendor\\laravel\\framework\\src\\Illuminate\\Pipeline\\Pipeline.php(149): Illuminate\\Session\\Middleware\\StartSession->handle(Object(Illuminate\\Http\\Request), Object(Closure))
#22 C:\\xampp\\htdocs\\villa\\villa\\vendor\\laravel\\framework\\src\\Illuminate\\Routing\\Pipeline.php(53): Illuminate\\Pipeline\\Pipeline->Illuminate\\Pipeline\\{closure}(Object(Illuminate\\Http\\Request))
#23 C:\\xampp\\htdocs\\villa\\villa\\vendor\\laravel\\framework\\src\\Illuminate\\Cookie\\Middleware\\AddQueuedCookiesToResponse.php(37): Illuminate\\Routing\\Pipeline->Illuminate\\Routing\\{closure}(Object(Illuminate\\Http\\Request))
#24 C:\\xampp\\htdocs\\villa\\villa\\vendor\\laravel\\framework\\src\\Illuminate\\Pipeline\\Pipeline.php(149): Illuminate\\Cookie\\Middleware\\AddQueuedCookiesToResponse->handle(Object(Illuminate\\Http\\Request), Object(Closure))
#25 C:\\xampp\\htdocs\\villa\\villa\\vendor\\laravel\\framework\\src\\Illuminate\\Routing\\Pipeline.php(53): Illuminate\\Pipeline\\Pipeline->Illuminate\\Pipeline\\{closure}(Object(Illuminate\\Http\\Request))
#26 C:\\xampp\\htdocs\\villa\\villa\\vendor\\laravel\\framework\\src\\Illuminate\\Cookie\\Middleware\\EncryptCookies.php(59): Illuminate\\Routing\\Pipeline->Illuminate\\Routing\\{closure}(Object(Illuminate\\Http\\Request))
#27 C:\\xampp\\htdocs\\villa\\villa\\vendor\\laravel\\framework\\src\\Illuminate\\Pipeline\\Pipeline.php(149): Illuminate\\Cookie\\Middleware\\EncryptCookies->handle(Object(Illuminate\\Http\\Request), Object(Closure))
#28 C:\\xampp\\htdocs\\villa\\villa\\vendor\\laravel\\framework\\src\\Illuminate\\Routing\\Pipeline.php(53): Illuminate\\Pipeline\\Pipeline->Illuminate\\Pipeline\\{closure}(Object(Illuminate\\Http\\Request))
#29 C:\\xampp\\htdocs\\villa\\villa\\vendor\\laravel\\framework\\src\\Illuminate\\Pipeline\\Pipeline.php(102): Illuminate\\Routing\\Pipeline->Illuminate\\Routing\\{closure}(Object(Illuminate\\Http\\Request))
#30 C:\\xampp\\htdocs\\villa\\villa\\vendor\\laravel\\framework\\src\\Illuminate\\Routing\\Router.php(661): Illuminate\\Pipeline\\Pipeline->then(Object(Closure))
#31 C:\\xampp\\htdocs\\villa\\villa\\vendor\\laravel\\framework\\src\\Illuminate\\Routing\\Router.php(636): Illuminate\\Routing\\Router->runRouteWithinStack(Object(Illuminate\\Routing\\Route), Object(Illuminate\\Http\\Request))
#32 C:\\xampp\\htdocs\\villa\\villa\\vendor\\laravel\\framework\\src\\Illuminate\\Routing\\Router.php(602): Illuminate\\Routing\\Router->runRoute(Object(Illuminate\\Http\\Request), Object(Illuminate\\Routing\\Route))
#33 C:\\xampp\\htdocs\\villa\\villa\\vendor\\laravel\\framework\\src\\Illuminate\\Routing\\Router.php(591): Illuminate\\Routing\\Router->dispatchToRoute(Object(Illuminate\\Http\\Request))
#34 C:\\xampp\\htdocs\\villa\\villa\\vendor\\laravel\\framework\\src\\Illuminate\\Foundation\\Http\\Kernel.php(176): Illuminate\\Routing\\Router->dispatch(Object(Illuminate\\Http\\Request))
#35 C:\\xampp\\htdocs\\villa\\villa\\vendor\\laravel\\framework\\src\\Illuminate\\Routing\\Pipeline.php(30): Illuminate\\Foundation\\Http\\Kernel->Illuminate\\Foundation\\Http\\{closure}(Object(Illuminate\\Http\\Request))
#36 C:\\xampp\\htdocs\\villa\\villa\\vendor\\fideloper\\proxy\\src\\TrustProxies.php(57): Illuminate\\Routing\\Pipeline->Illuminate\\Routing\\{closure}(Object(Illuminate\\Http\\Request))
#37 C:\\xampp\\htdocs\\villa\\villa\\vendor\\laravel\\framework\\src\\Illuminate\\Pipeline\\Pipeline.php(149): Fideloper\\Proxy\\TrustProxies->handle(Object(Illuminate\\Http\\Request), Object(Closure))
#38 C:\\xampp\\htdocs\\villa\\villa\\vendor\\laravel\\framework\\src\\Illuminate\\Routing\\Pipeline.php(53): Illuminate\\Pipeline\\Pipeline->Illuminate\\Pipeline\\{closure}(Object(Illuminate\\Http\\Request))
#39 C:\\xampp\\htdocs\\villa\\villa\\vendor\\laravel\\framework\\src\\Illuminate\\Foundation\\Http\\Middleware\\TransformsRequest.php(30): Illuminate\\Routing\\Pipeline->Illuminate\\Routing\\{closure}(Object(Illuminate\\Http\\Request))
#40 C:\\xampp\\htdocs\\villa\\villa\\vendor\\laravel\\framework\\src\\Illuminate\\Pipeline\\Pipeline.php(149): Illuminate\\Foundation\\Http\\Middleware\\TransformsRequest->handle(Object(Illuminate\\Http\\Request), Object(Closure))
#41 C:\\xampp\\htdocs\\villa\\villa\\vendor\\laravel\\framework\\src\\Illuminate\\Routing\\Pipeline.php(53): Illuminate\\Pipeline\\Pipeline->Illuminate\\Pipeline\\{closure}(Object(Illuminate\\Http\\Request))
#42 C:\\xampp\\htdocs\\villa\\villa\\vendor\\laravel\\framework\\src\\Illuminate\\Foundation\\Http\\Middleware\\TransformsRequest.php(30): Illuminate\\Routing\\Pipeline->Illuminate\\Routing\\{closure}(Object(Illuminate\\Http\\Request))
#43 C:\\xampp\\htdocs\\villa\\villa\\vendor\\laravel\\framework\\src\\Illuminate\\Pipeline\\Pipeline.php(149): Illuminate\\Foundation\\Http\\Middleware\\TransformsRequest->handle(Object(Illuminate\\Http\\Request), Object(Closure))
#44 C:\\xampp\\htdocs\\villa\\villa\\vendor\\laravel\\framework\\src\\Illuminate\\Routing\\Pipeline.php(53): Illuminate\\Pipeline\\Pipeline->Illuminate\\Pipeline\\{closure}(Object(Illuminate\\Http\\Request))
#45 C:\\xampp\\htdocs\\villa\\villa\\vendor\\laravel\\framework\\src\\Illuminate\\Foundation\\Http\\Middleware\\ValidatePostSize.php(27): Illuminate\\Routing\\Pipeline->Illuminate\\Routing\\{closure}(Object(Illuminate\\Http\\Request))
#46 C:\\xampp\\htdocs\\villa\\villa\\vendor\\laravel\\framework\\src\\Illuminate\\Pipeline\\Pipeline.php(149): Illuminate\\Foundation\\Http\\Middleware\\ValidatePostSize->handle(Object(Illuminate\\Http\\Request), Object(Closure))
#47 C:\\xampp\\htdocs\\villa\\villa\\vendor\\laravel\\framework\\src\\Illuminate\\Routing\\Pipeline.php(53): Illuminate\\Pipeline\\Pipeline->Illuminate\\Pipeline\\{closure}(Object(Illuminate\\Http\\Request))
#48 C:\\xampp\\htdocs\\villa\\villa\\vendor\\laravel\\framework\\src\\Illuminate\\Foundation\\Http\\Middleware\\CheckForMaintenanceMode.php(46): Illuminate\\Routing\\Pipeline->Illuminate\\Routing\\{closure}(Object(Illuminate\\Http\\Request))
#49 C:\\xampp\\htdocs\\villa\\villa\\vendor\\laravel\\framework\\src\\Illuminate\\Pipeline\\Pipeline.php(149): Illuminate\\Foundation\\Http\\Middleware\\CheckForMaintenanceMode->handle(Object(Illuminate\\Http\\Request), Object(Closure))
#50 C:\\xampp\\htdocs\\villa\\villa\\vendor\\laravel\\framework\\src\\Illuminate\\Routing\\Pipeline.php(53): Illuminate\\Pipeline\\Pipeline->Illuminate\\Pipeline\\{closure}(Object(Illuminate\\Http\\Request))
#51 C:\\xampp\\htdocs\\villa\\villa\\vendor\\laravel\\framework\\src\\Illuminate\\Pipeline\\Pipeline.php(102): Illuminate\\Routing\\Pipeline->Illuminate\\Routing\\{closure}(Object(Illuminate\\Http\\Request))
#52 C:\\xampp\\htdocs\\villa\\villa\\vendor\\laravel\\framework\\src\\Illuminate\\Foundation\\Http\\Kernel.php(151): Illuminate\\Pipeline\\Pipeline->then(Object(Closure))
#53 C:\\xampp\\htdocs\\villa\\villa\\vendor\\laravel\\framework\\src\\Illuminate\\Foundation\\Http\\Kernel.php(116): Illuminate\\Foundation\\Http\\Kernel->sendRequestThroughRouter(Object(Illuminate\\Http\\Request))
#54 C:\\xampp\\htdocs\\villa\\villa\\public\\index.php(55): Illuminate\\Foundation\\Http\\Kernel->handle(Object(Illuminate\\Http\\Request))
#55 {main}
"} 
[2018-03-17 23:04:38] local.ERROR: Class 'App\Http\Controllers\users\DB' not found {"userId":2,"exception":"[object] (Symfony\\Component\\Debug\\Exception\\FatalThrowableError(code: 0): Class 'App\\Http\\Controllers\\users\\DB' not found at C:\\xampp\\htdocs\\villa\\villa\\app\\Http\\Controllers\\users\\UserController.php:80)
[stacktrace]
#0 [internal function]: App\\Http\\Controllers\\users\\UserController->useraction(Object(Illuminate\\Http\\Request))
#1 C:\\xampp\\htdocs\\villa\\villa\\vendor\\laravel\\framework\\src\\Illuminate\\Routing\\Controller.php(54): call_user_func_array(Array, Array)
#2 C:\\xampp\\htdocs\\villa\\villa\\vendor\\laravel\\framework\\src\\Illuminate\\Routing\\ControllerDispatcher.php(45): Illuminate\\Routing\\Controller->callAction('useraction', Array)
#3 C:\\xampp\\htdocs\\villa\\villa\\vendor\\laravel\\framework\\src\\Illuminate\\Routing\\Route.php(212): Illuminate\\Routing\\ControllerDispatcher->dispatch(Object(Illuminate\\Routing\\Route), Object(App\\Http\\Controllers\\users\\UserController), 'useraction')
#4 C:\\xampp\\htdocs\\villa\\villa\\vendor\\laravel\\framework\\src\\Illuminate\\Routing\\Route.php(169): Illuminate\\Routing\\Route->runController()
#5 C:\\xampp\\htdocs\\villa\\villa\\vendor\\laravel\\framework\\src\\Illuminate\\Routing\\Router.php(659): Illuminate\\Routing\\Route->run()
#6 C:\\xampp\\htdocs\\villa\\villa\\vendor\\laravel\\framework\\src\\Illuminate\\Routing\\Pipeline.php(30): Illuminate\\Routing\\Router->Illuminate\\Routing\\{closure}(Object(Illuminate\\Http\\Request))
#7 C:\\xampp\\htdocs\\villa\\villa\\vendor\\laravel\\framework\\src\\Illuminate\\Routing\\Middleware\\SubstituteBindings.php(41): Illuminate\\Routing\\Pipeline->Illuminate\\Routing\\{closure}(Object(Illuminate\\Http\\Request))
#8 C:\\xampp\\htdocs\\villa\\villa\\vendor\\laravel\\framework\\src\\Illuminate\\Pipeline\\Pipeline.php(149): Illuminate\\Routing\\Middleware\\SubstituteBindings->handle(Object(Illuminate\\Http\\Request), Object(Closure))
#9 C:\\xampp\\htdocs\\villa\\villa\\vendor\\laravel\\framework\\src\\Illuminate\\Routing\\Pipeline.php(53): Illuminate\\Pipeline\\Pipeline->Illuminate\\Pipeline\\{closure}(Object(Illuminate\\Http\\Request))
#10 C:\\xampp\\htdocs\\villa\\villa\\vendor\\laravel\\framework\\src\\Illuminate\\Auth\\Middleware\\Authenticate.php(43): Illuminate\\Routing\\Pipeline->Illuminate\\Routing\\{closure}(Object(Illuminate\\Http\\Request))
#11 C:\\xampp\\htdocs\\villa\\villa\\vendor\\laravel\\framework\\src\\Illuminate\\Pipeline\\Pipeline.php(149): Illuminate\\Auth\\Middleware\\Authenticate->handle(Object(Illuminate\\Http\\Request), Object(Closure), 'user')
#12 C:\\xampp\\htdocs\\villa\\villa\\vendor\\laravel\\framework\\src\\Illuminate\\Routing\\Pipeline.php(53): Illuminate\\Pipeline\\Pipeline->Illuminate\\Pipeline\\{closure}(Object(Illuminate\\Http\\Request))
#13 C:\\xampp\\htdocs\\villa\\villa\\vendor\\laravel\\framework\\src\\Illuminate\\Foundation\\Http\\Middleware\\VerifyCsrfToken.php(67): Illuminate\\Routing\\Pipeline->Illuminate\\Routing\\{closure}(Object(Illuminate\\Http\\Request))
#14 C:\\xampp\\htdocs\\villa\\villa\\vendor\\laravel\\framework\\src\\Illuminate\\Pipeline\\Pipeline.php(149): Illuminate\\Foundation\\Http\\Middleware\\VerifyCsrfToken->handle(Object(Illuminate\\Http\\Request), Object(Closure))
#15 C:\\xampp\\htdocs\\villa\\villa\\vendor\\laravel\\framework\\src\\Illuminate\\Routing\\Pipeline.php(53): Illuminate\\Pipeline\\Pipeline->Illuminate\\Pipeline\\{closure}(Object(Illuminate\\Http\\Request))
#16 C:\\xampp\\htdocs\\villa\\villa\\vendor\\laravel\\framework\\src\\Illuminate\\View\\Middleware\\ShareErrorsFromSession.php(49): Illuminate\\Routing\\Pipeline->Illuminate\\Routing\\{closure}(Object(Illuminate\\Http\\Request))
#17 C:\\xampp\\htdocs\\villa\\villa\\vendor\\laravel\\framework\\src\\Illuminate\\Pipeline\\Pipeline.php(149): Illuminate\\View\\Middleware\\ShareErrorsFromSession->handle(Object(Illuminate\\Http\\Request), Object(Closure))
#18 C:\\xampp\\htdocs\\villa\\villa\\vendor\\laravel\\framework\\src\\Illuminate\\Routing\\Pipeline.php(53): Illuminate\\Pipeline\\Pipeline->Illuminate\\Pipeline\\{closure}(Object(Illuminate\\Http\\Request))
#19 C:\\xampp\\htdocs\\villa\\villa\\vendor\\laravel\\framework\\src\\Illuminate\\Session\\Middleware\\StartSession.php(63): Illuminate\\Routing\\Pipeline->Illuminate\\Routing\\{closure}(Object(Illuminate\\Http\\Request))
#20 C:\\xampp\\htdocs\\villa\\villa\\vendor\\laravel\\framework\\src\\Illuminate\\Pipeline\\Pipeline.php(149): Illuminate\\Session\\Middleware\\StartSession->handle(Object(Illuminate\\Http\\Request), Object(Closure))
#21 C:\\xampp\\htdocs\\villa\\villa\\vendor\\laravel\\framework\\src\\Illuminate\\Routing\\Pipeline.php(53): Illuminate\\Pipeline\\Pipeline->Illuminate\\Pipeline\\{closure}(Object(Illuminate\\Http\\Request))
#22 C:\\xampp\\htdocs\\villa\\villa\\vendor\\laravel\\framework\\src\\Illuminate\\Cookie\\Middleware\\AddQueuedCookiesToResponse.php(37): Illuminate\\Routing\\Pipeline->Illuminate\\Routing\\{closure}(Object(Illuminate\\Http\\Request))
#23 C:\\xampp\\htdocs\\villa\\villa\\vendor\\laravel\\framework\\src\\Illuminate\\Pipeline\\Pipeline.php(149): Illuminate\\Cookie\\Middleware\\AddQueuedCookiesToResponse->handle(Object(Illuminate\\Http\\Request), Object(Closure))
#24 C:\\xampp\\htdocs\\villa\\villa\\vendor\\laravel\\framework\\src\\Illuminate\\Routing\\Pipeline.php(53): Illuminate\\Pipeline\\Pipeline->Illuminate\\Pipeline\\{closure}(Object(Illuminate\\Http\\Request))
#25 C:\\xampp\\htdocs\\villa\\villa\\vendor\\laravel\\framework\\src\\Illuminate\\Cookie\\Middleware\\EncryptCookies.php(59): Illuminate\\Routing\\Pipeline->Illuminate\\Routing\\{closure}(Object(Illuminate\\Http\\Request))
#26 C:\\xampp\\htdocs\\villa\\villa\\vendor\\laravel\\framework\\src\\Illuminate\\Pipeline\\Pipeline.php(149): Illuminate\\Cookie\\Middleware\\EncryptCookies->handle(Object(Illuminate\\Http\\Request), Object(Closure))
#27 C:\\xampp\\htdocs\\villa\\villa\\vendor\\laravel\\framework\\src\\Illuminate\\Routing\\Pipeline.php(53): Illuminate\\Pipeline\\Pipeline->Illuminate\\Pipeline\\{closure}(Object(Illuminate\\Http\\Request))
#28 C:\\xampp\\htdocs\\villa\\villa\\vendor\\laravel\\framework\\src\\Illuminate\\Pipeline\\Pipeline.php(102): Illuminate\\Routing\\Pipeline->Illuminate\\Routing\\{closure}(Object(Illuminate\\Http\\Request))
#29 C:\\xampp\\htdocs\\villa\\villa\\vendor\\laravel\\framework\\src\\Illuminate\\Routing\\Router.php(661): Illuminate\\Pipeline\\Pipeline->then(Object(Closure))
#30 C:\\xampp\\htdocs\\villa\\villa\\vendor\\laravel\\framework\\src\\Illuminate\\Routing\\Router.php(636): Illuminate\\Routing\\Router->runRouteWithinStack(Object(Illuminate\\Routing\\Route), Object(Illuminate\\Http\\Request))
#31 C:\\xampp\\htdocs\\villa\\villa\\vendor\\laravel\\framework\\src\\Illuminate\\Routing\\Router.php(602): Illuminate\\Routing\\Router->runRoute(Object(Illuminate\\Http\\Request), Object(Illuminate\\Routing\\Route))
#32 C:\\xampp\\htdocs\\villa\\villa\\vendor\\laravel\\framework\\src\\Illuminate\\Routing\\Router.php(591): Illuminate\\Routing\\Router->dispatchToRoute(Object(Illuminate\\Http\\Request))
#33 C:\\xampp\\htdocs\\villa\\villa\\vendor\\laravel\\framework\\src\\Illuminate\\Foundation\\Http\\Kernel.php(176): Illuminate\\Routing\\Router->dispatch(Object(Illuminate\\Http\\Request))
#34 C:\\xampp\\htdocs\\villa\\villa\\vendor\\laravel\\framework\\src\\Illuminate\\Routing\\Pipeline.php(30): Illuminate\\Foundation\\Http\\Kernel->Illuminate\\Foundation\\Http\\{closure}(Object(Illuminate\\Http\\Request))
#35 C:\\xampp\\htdocs\\villa\\villa\\vendor\\fideloper\\proxy\\src\\TrustProxies.php(57): Illuminate\\Routing\\Pipeline->Illuminate\\Routing\\{closure}(Object(Illuminate\\Http\\Request))
#36 C:\\xampp\\htdocs\\villa\\villa\\vendor\\laravel\\framework\\src\\Illuminate\\Pipeline\\Pipeline.php(149): Fideloper\\Proxy\\TrustProxies->handle(Object(Illuminate\\Http\\Request), Object(Closure))
#37 C:\\xampp\\htdocs\\villa\\villa\\vendor\\laravel\\framework\\src\\Illuminate\\Routing\\Pipeline.php(53): Illuminate\\Pipeline\\Pipeline->Illuminate\\Pipeline\\{closure}(Object(Illuminate\\Http\\Request))
#38 C:\\xampp\\htdocs\\villa\\villa\\vendor\\laravel\\framework\\src\\Illuminate\\Foundation\\Http\\Middleware\\TransformsRequest.php(30): Illuminate\\Routing\\Pipeline->Illuminate\\Routing\\{closure}(Object(Illuminate\\Http\\Request))
#39 C:\\xampp\\htdocs\\villa\\villa\\vendor\\laravel\\framework\\src\\Illuminate\\Pipeline\\Pipeline.php(149): Illuminate\\Foundation\\Http\\Middleware\\TransformsRequest->handle(Object(Illuminate\\Http\\Request), Object(Closure))
#40 C:\\xampp\\htdocs\\villa\\villa\\vendor\\laravel\\framework\\src\\Illuminate\\Routing\\Pipeline.php(53): Illuminate\\Pipeline\\Pipeline->Illuminate\\Pipeline\\{closure}(Object(Illuminate\\Http\\Request))
#41 C:\\xampp\\htdocs\\villa\\villa\\vendor\\laravel\\framework\\src\\Illuminate\\Foundation\\Http\\Middleware\\TransformsRequest.php(30): Illuminate\\Routing\\Pipeline->Illuminate\\Routing\\{closure}(Object(Illuminate\\Http\\Request))
#42 C:\\xampp\\htdocs\\villa\\villa\\vendor\\laravel\\framework\\src\\Illuminate\\Pipeline\\Pipeline.php(149): Illuminate\\Foundation\\Http\\Middleware\\TransformsRequest->handle(Object(Illuminate\\Http\\Request), Object(Closure))
#43 C:\\xampp\\htdocs\\villa\\villa\\vendor\\laravel\\framework\\src\\Illuminate\\Routing\\Pipeline.php(53): Illuminate\\Pipeline\\Pipeline->Illuminate\\Pipeline\\{closure}(Object(Illuminate\\Http\\Request))
#44 C:\\xampp\\htdocs\\villa\\villa\\vendor\\laravel\\framework\\src\\Illuminate\\Foundation\\Http\\Middleware\\ValidatePostSize.php(27): Illuminate\\Routing\\Pipeline->Illuminate\\Routing\\{closure}(Object(Illuminate\\Http\\Request))
#45 C:\\xampp\\htdocs\\villa\\villa\\vendor\\laravel\\framework\\src\\Illuminate\\Pipeline\\Pipeline.php(149): Illuminate\\Foundation\\Http\\Middleware\\ValidatePostSize->handle(Object(Illuminate\\Http\\Request), Object(Closure))
#46 C:\\xampp\\htdocs\\villa\\villa\\vendor\\laravel\\framework\\src\\Illuminate\\Routing\\Pipeline.php(53): Illuminate\\Pipeline\\Pipeline->Illuminate\\Pipeline\\{closure}(Object(Illuminate\\Http\\Request))
#47 C:\\xampp\\htdocs\\villa\\villa\\vendor\\laravel\\framework\\src\\Illuminate\\Foundation\\Http\\Middleware\\CheckForMaintenanceMode.php(46): Illuminate\\Routing\\Pipeline->Illuminate\\Routing\\{closure}(Object(Illuminate\\Http\\Request))
#48 C:\\xampp\\htdocs\\villa\\villa\\vendor\\laravel\\framework\\src\\Illuminate\\Pipeline\\Pipeline.php(149): Illuminate\\Foundation\\Http\\Middleware\\CheckForMaintenanceMode->handle(Object(Illuminate\\Http\\Request), Object(Closure))
#49 C:\\xampp\\htdocs\\villa\\villa\\vendor\\laravel\\framework\\src\\Illuminate\\Routing\\Pipeline.php(53): Illuminate\\Pipeline\\Pipeline->Illuminate\\Pipeline\\{closure}(Object(Illuminate\\Http\\Request))
#50 C:\\xampp\\htdocs\\villa\\villa\\vendor\\laravel\\framework\\src\\Illuminate\\Pipeline\\Pipeline.php(102): Illuminate\\Routing\\Pipeline->Illuminate\\Routing\\{closure}(Object(Illuminate\\Http\\Request))
#51 C:\\xampp\\htdocs\\villa\\villa\\vendor\\laravel\\framework\\src\\Illuminate\\Foundation\\Http\\Kernel.php(151): Illuminate\\Pipeline\\Pipeline->then(Object(Closure))
#52 C:\\xampp\\htdocs\\villa\\villa\\vendor\\laravel\\framework\\src\\Illuminate\\Foundation\\Http\\Kernel.php(116): Illuminate\\Foundation\\Http\\Kernel->sendRequestThroughRouter(Object(Illuminate\\Http\\Request))
#53 C:\\xampp\\htdocs\\villa\\villa\\public\\index.php(55): Illuminate\\Foundation\\Http\\Kernel->handle(Object(Illuminate\\Http\\Request))
#54 {main}
"} 
[2018-03-17 23:13:09] local.ERROR: count(): Parameter must be an array or an object that implements Countable {"userId":2,"exception":"[object] (ErrorException(code: 0): count(): Parameter must be an array or an object that implements Countable at C:\\xampp\\htdocs\\villa\\villa\\app\\Http\\Controllers\\users\\UserController.php:40)
[stacktrace]
#0 [internal function]: Illuminate\\Foundation\\Bootstrap\\HandleExceptions->handleError(2, 'count(): Parame...', 'C:\\\\xampp\\\\htdocs...', 40, Array)
#1 C:\\xampp\\htdocs\\villa\\villa\\app\\Http\\Controllers\\users\\UserController.php(40): count('\\xD9\\xBE\\xD8\\xB3\\xD9\\x88\\xD8\\xB1\\xD8\\xAF\\xDB\\x8C \\xDA\\xA9...')
#2 [internal function]: App\\Http\\Controllers\\users\\UserController->useraction(Object(Illuminate\\Http\\Request))
#3 C:\\xampp\\htdocs\\villa\\villa\\vendor\\laravel\\framework\\src\\Illuminate\\Routing\\Controller.php(54): call_user_func_array(Array, Array)
#4 C:\\xampp\\htdocs\\villa\\villa\\vendor\\laravel\\framework\\src\\Illuminate\\Routing\\ControllerDispatcher.php(45): Illuminate\\Routing\\Controller->callAction('useraction', Array)
#5 C:\\xampp\\htdocs\\villa\\villa\\vendor\\laravel\\framework\\src\\Illuminate\\Routing\\Route.php(212): Illuminate\\Routing\\ControllerDispatcher->dispatch(Object(Illuminate\\Routing\\Route), Object(App\\Http\\Controllers\\users\\UserController), 'useraction')
#6 C:\\xampp\\htdocs\\villa\\villa\\vendor\\laravel\\framework\\src\\Illuminate\\Routing\\Route.php(169): Illuminate\\Routing\\Route->runController()
#7 C:\\xampp\\htdocs\\villa\\villa\\vendor\\laravel\\framework\\src\\Illuminate\\Routing\\Router.php(659): Illuminate\\Routing\\Route->run()
#8 C:\\xampp\\htdocs\\villa\\villa\\vendor\\laravel\\framework\\src\\Illuminate\\Routing\\Pipeline.php(30): Illuminate\\Routing\\Router->Illuminate\\Routing\\{closure}(Object(Illuminate\\Http\\Request))
#9 C:\\xampp\\htdocs\\villa\\villa\\vendor\\laravel\\framework\\src\\Illuminate\\Routing\\Middleware\\SubstituteBindings.php(41): Illuminate\\Routing\\Pipeline->Illuminate\\Routing\\{closure}(Object(Illuminate\\Http\\Request))
#10 C:\\xampp\\htdocs\\villa\\villa\\vendor\\laravel\\framework\\src\\Illuminate\\Pipeline\\Pipeline.php(149): Illuminate\\Routing\\Middleware\\SubstituteBindings->handle(Object(Illuminate\\Http\\Request), Object(Closure))
#11 C:\\xampp\\htdocs\\villa\\villa\\vendor\\laravel\\framework\\src\\Illuminate\\Routing\\Pipeline.php(53): Illuminate\\Pipeline\\Pipeline->Illuminate\\Pipeline\\{closure}(Object(Illuminate\\Http\\Request))
#12 C:\\xampp\\htdocs\\villa\\villa\\vendor\\laravel\\framework\\src\\Illuminate\\Auth\\Middleware\\Authenticate.php(43): Illuminate\\Routing\\Pipeline->Illuminate\\Routing\\{closure}(Object(Illuminate\\Http\\Request))
#13 C:\\xampp\\htdocs\\villa\\villa\\vendor\\laravel\\framework\\src\\Illuminate\\Pipeline\\Pipeline.php(149): Illuminate\\Auth\\Middleware\\Authenticate->handle(Object(Illuminate\\Http\\Request), Object(Closure), 'user')
#14 C:\\xampp\\htdocs\\villa\\villa\\vendor\\laravel\\framework\\src\\Illuminate\\Routing\\Pipeline.php(53): Illuminate\\Pipeline\\Pipeline->Illuminate\\Pipeline\\{closure}(Object(Illuminate\\Http\\Request))
#15 C:\\xampp\\htdocs\\villa\\villa\\vendor\\laravel\\framework\\src\\Illuminate\\Foundation\\Http\\Middleware\\VerifyCsrfToken.php(67): Illuminate\\Routing\\Pipeline->Illuminate\\Routing\\{closure}(Object(Illuminate\\Http\\Request))
#16 C:\\xampp\\htdocs\\villa\\villa\\vendor\\laravel\\framework\\src\\Illuminate\\Pipeline\\Pipeline.php(149): Illuminate\\Foundation\\Http\\Middleware\\VerifyCsrfToken->handle(Object(Illuminate\\Http\\Request), Object(Closure))
#17 C:\\xampp\\htdocs\\villa\\villa\\vendor\\laravel\\framework\\src\\Illuminate\\Routing\\Pipeline.php(53): Illuminate\\Pipeline\\Pipeline->Illuminate\\Pipeline\\{closure}(Object(Illuminate\\Http\\Request))
#18 C:\\xampp\\htdocs\\villa\\villa\\vendor\\laravel\\framework\\src\\Illuminate\\View\\Middleware\\ShareErrorsFromSession.php(49): Illuminate\\Routing\\Pipeline->Illuminate\\Routing\\{closure}(Object(Illuminate\\Http\\Request))
#19 C:\\xampp\\htdocs\\villa\\villa\\vendor\\laravel\\framework\\src\\Illuminate\\Pipeline\\Pipeline.php(149): Illuminate\\View\\Middleware\\ShareErrorsFromSession->handle(Object(Illuminate\\Http\\Request), Object(Closure))
#20 C:\\xampp\\htdocs\\villa\\villa\\vendor\\laravel\\framework\\src\\Illuminate\\Routing\\Pipeline.php(53): Illuminate\\Pipeline\\Pipeline->Illuminate\\Pipeline\\{closure}(Object(Illuminate\\Http\\Request))
#21 C:\\xampp\\htdocs\\villa\\villa\\vendor\\laravel\\framework\\src\\Illuminate\\Session\\Middleware\\StartSession.php(63): Illuminate\\Routing\\Pipeline->Illuminate\\Routing\\{closure}(Object(Illuminate\\Http\\Request))
#22 C:\\xampp\\htdocs\\villa\\villa\\vendor\\laravel\\framework\\src\\Illuminate\\Pipeline\\Pipeline.php(149): Illuminate\\Session\\Middleware\\StartSession->handle(Object(Illuminate\\Http\\Request), Object(Closure))
#23 C:\\xampp\\htdocs\\villa\\villa\\vendor\\laravel\\framework\\src\\Illuminate\\Routing\\Pipeline.php(53): Illuminate\\Pipeline\\Pipeline->Illuminate\\Pipeline\\{closure}(Object(Illuminate\\Http\\Request))
#24 C:\\xampp\\htdocs\\villa\\villa\\vendor\\laravel\\framework\\src\\Illuminate\\Cookie\\Middleware\\AddQueuedCookiesToResponse.php(37): Illuminate\\Routing\\Pipeline->Illuminate\\Routing\\{closure}(Object(Illuminate\\Http\\Request))
#25 C:\\xampp\\htdocs\\villa\\villa\\vendor\\laravel\\framework\\src\\Illuminate\\Pipeline\\Pipeline.php(149): Illuminate\\Cookie\\Middleware\\AddQueuedCookiesToResponse->handle(Object(Illuminate\\Http\\Request), Object(Closure))
#26 C:\\xampp\\htdocs\\villa\\villa\\vendor\\laravel\\framework\\src\\Illuminate\\Routing\\Pipeline.php(53): Illuminate\\Pipeline\\Pipeline->Illuminate\\Pipeline\\{closure}(Object(Illuminate\\Http\\Request))
#27 C:\\xampp\\htdocs\\villa\\villa\\vendor\\laravel\\framework\\src\\Illuminate\\Cookie\\Middleware\\EncryptCookies.php(59): Illuminate\\Routing\\Pipeline->Illuminate\\Routing\\{closure}(Object(Illuminate\\Http\\Request))
#28 C:\\xampp\\htdocs\\villa\\villa\\vendor\\laravel\\framework\\src\\Illuminate\\Pipeline\\Pipeline.php(149): Illuminate\\Cookie\\Middleware\\EncryptCookies->handle(Object(Illuminate\\Http\\Request), Object(Closure))
#29 C:\\xampp\\htdocs\\villa\\villa\\vendor\\laravel\\framework\\src\\Illuminate\\Routing\\Pipeline.php(53): Illuminate\\Pipeline\\Pipeline->Illuminate\\Pipeline\\{closure}(Object(Illuminate\\Http\\Request))
#30 C:\\xampp\\htdocs\\villa\\villa\\vendor\\laravel\\framework\\src\\Illuminate\\Pipeline\\Pipeline.php(102): Illuminate\\Routing\\Pipeline->Illuminate\\Routing\\{closure}(Object(Illuminate\\Http\\Request))
#31 C:\\xampp\\htdocs\\villa\\villa\\vendor\\laravel\\framework\\src\\Illuminate\\Routing\\Router.php(661): Illuminate\\Pipeline\\Pipeline->then(Object(Closure))
#32 C:\\xampp\\htdocs\\villa\\villa\\vendor\\laravel\\framework\\src\\Illuminate\\Routing\\Router.php(636): Illuminate\\Routing\\Router->runRouteWithinStack(Object(Illuminate\\Routing\\Route), Object(Illuminate\\Http\\Request))
#33 C:\\xampp\\htdocs\\villa\\villa\\vendor\\laravel\\framework\\src\\Illuminate\\Routing\\Router.php(602): Illuminate\\Routing\\Router->runRoute(Object(Illuminate\\Http\\Request), Object(Illuminate\\Routing\\Route))
#34 C:\\xampp\\htdocs\\villa\\villa\\vendor\\laravel\\framework\\src\\Illuminate\\Routing\\Router.php(591): Illuminate\\Routing\\Router->dispatchToRoute(Object(Illuminate\\Http\\Request))
#35 C:\\xampp\\htdocs\\villa\\villa\\vendor\\laravel\\framework\\src\\Illuminate\\Foundation\\Http\\Kernel.php(176): Illuminate\\Routing\\Router->dispatch(Object(Illuminate\\Http\\Request))
#36 C:\\xampp\\htdocs\\villa\\villa\\vendor\\laravel\\framework\\src\\Illuminate\\Routing\\Pipeline.php(30): Illuminate\\Foundation\\Http\\Kernel->Illuminate\\Foundation\\Http\\{closure}(Object(Illuminate\\Http\\Request))
#37 C:\\xampp\\htdocs\\villa\\villa\\vendor\\fideloper\\proxy\\src\\TrustProxies.php(57): Illuminate\\Routing\\Pipeline->Illuminate\\Routing\\{closure}(Object(Illuminate\\Http\\Request))
#38 C:\\xampp\\htdocs\\villa\\villa\\vendor\\laravel\\framework\\src\\Illuminate\\Pipeline\\Pipeline.php(149): Fideloper\\Proxy\\TrustProxies->handle(Object(Illuminate\\Http\\Request), Object(Closure))
#39 C:\\xampp\\htdocs\\villa\\villa\\vendor\\laravel\\framework\\src\\Illuminate\\Routing\\Pipeline.php(53): Illuminate\\Pipeline\\Pipeline->Illuminate\\Pipeline\\{closure}(Object(Illuminate\\Http\\Request))
#40 C:\\xampp\\htdocs\\villa\\villa\\vendor\\laravel\\framework\\src\\Illuminate\\Foundation\\Http\\Middleware\\TransformsRequest.php(30): Illuminate\\Routing\\Pipeline->Illuminate\\Routing\\{closure}(Object(Illuminate\\Http\\Request))
#41 C:\\xampp\\htdocs\\villa\\villa\\vendor\\laravel\\framework\\src\\Illuminate\\Pipeline\\Pipeline.php(149): Illuminate\\Foundation\\Http\\Middleware\\TransformsRequest->handle(Object(Illuminate\\Http\\Request), Object(Closure))
#42 C:\\xampp\\htdocs\\villa\\villa\\vendor\\laravel\\framework\\src\\Illuminate\\Routing\\Pipeline.php(53): Illuminate\\Pipeline\\Pipeline->Illuminate\\Pipeline\\{closure}(Object(Illuminate\\Http\\Request))
#43 C:\\xampp\\htdocs\\villa\\villa\\vendor\\laravel\\framework\\src\\Illuminate\\Foundation\\Http\\Middleware\\TransformsRequest.php(30): Illuminate\\Routing\\Pipeline->Illuminate\\Routing\\{closure}(Object(Illuminate\\Http\\Request))
#44 C:\\xampp\\htdocs\\villa\\villa\\vendor\\laravel\\framework\\src\\Illuminate\\Pipeline\\Pipeline.php(149): Illuminate\\Foundation\\Http\\Middleware\\TransformsRequest->handle(Object(Illuminate\\Http\\Request), Object(Closure))
#45 C:\\xampp\\htdocs\\villa\\villa\\vendor\\laravel\\framework\\src\\Illuminate\\Routing\\Pipeline.php(53): Illuminate\\Pipeline\\Pipeline->Illuminate\\Pipeline\\{closure}(Object(Illuminate\\Http\\Request))
#46 C:\\xampp\\htdocs\\villa\\villa\\vendor\\laravel\\framework\\src\\Illuminate\\Foundation\\Http\\Middleware\\ValidatePostSize.php(27): Illuminate\\Routing\\Pipeline->Illuminate\\Routing\\{closure}(Object(Illuminate\\Http\\Request))
#47 C:\\xampp\\htdocs\\villa\\villa\\vendor\\laravel\\framework\\src\\Illuminate\\Pipeline\\Pipeline.php(149): Illuminate\\Foundation\\Http\\Middleware\\ValidatePostSize->handle(Object(Illuminate\\Http\\Request), Object(Closure))
#48 C:\\xampp\\htdocs\\villa\\villa\\vendor\\laravel\\framework\\src\\Illuminate\\Routing\\Pipeline.php(53): Illuminate\\Pipeline\\Pipeline->Illuminate\\Pipeline\\{closure}(Object(Illuminate\\Http\\Request))
#49 C:\\xampp\\htdocs\\villa\\villa\\vendor\\laravel\\framework\\src\\Illuminate\\Foundation\\Http\\Middleware\\CheckForMaintenanceMode.php(46): Illuminate\\Routing\\Pipeline->Illuminate\\Routing\\{closure}(Object(Illuminate\\Http\\Request))
#50 C:\\xampp\\htdocs\\villa\\villa\\vendor\\laravel\\framework\\src\\Illuminate\\Pipeline\\Pipeline.php(149): Illuminate\\Foundation\\Http\\Middleware\\CheckForMaintenanceMode->handle(Object(Illuminate\\Http\\Request), Object(Closure))
#51 C:\\xampp\\htdocs\\villa\\villa\\vendor\\laravel\\framework\\src\\Illuminate\\Routing\\Pipeline.php(53): Illuminate\\Pipeline\\Pipeline->Illuminate\\Pipeline\\{closure}(Object(Illuminate\\Http\\Request))
#52 C:\\xampp\\htdocs\\villa\\villa\\vendor\\laravel\\framework\\src\\Illuminate\\Pipeline\\Pipeline.php(102): Illuminate\\Routing\\Pipeline->Illuminate\\Routing\\{closure}(Object(Illuminate\\Http\\Request))
#53 C:\\xampp\\htdocs\\villa\\villa\\vendor\\laravel\\framework\\src\\Illuminate\\Foundation\\Http\\Kernel.php(151): Illuminate\\Pipeline\\Pipeline->then(Object(Closure))
#54 C:\\xampp\\htdocs\\villa\\villa\\vendor\\laravel\\framework\\src\\Illuminate\\Foundation\\Http\\Kernel.php(116): Illuminate\\Foundation\\Http\\Kernel->sendRequestThroughRouter(Object(Illuminate\\Http\\Request))
#55 C:\\xampp\\htdocs\\villa\\villa\\public\\index.php(55): Illuminate\\Foundation\\Http\\Kernel->handle(Object(Illuminate\\Http\\Request))
#56 {main}
"} 
[2018-03-17 23:21:52] local.ERROR: Parse error: syntax error, unexpected 'image' (T_STRING), expecting ',' or ')' (View: C:\xampp\htdocs\villa\villa\resources\views\user\dashboard\User.blade.php) {"userId":2,"exception":"[object] (ErrorException(code: 0): Parse error: syntax error, unexpected 'image' (T_STRING), expecting ',' or ')' (View: C:\\xampp\\htdocs\\villa\\villa\esources\\views\\user\\dashboard\\User.blade.php) at C:\\xampp\\htdocs\\villa\\villa\\storage\\framework\\views\\d2da04a91efe92d832208b33fb890b4fcee8dfec.php:43, Symfony\\Component\\Debug\\Exception\\FatalThrowableError(code: 0): Parse error: syntax error, unexpected 'image' (T_STRING), expecting ',' or ')' at C:\\xampp\\htdocs\\villa\\villa\\storage\\framework\\views\\d2da04a91efe92d832208b33fb890b4fcee8dfec.php:43)
[stacktrace]
#0 C:\\xampp\\htdocs\\villa\\villa\\vendor\\laravel\\framework\\src\\Illuminate\\View\\Engines\\PhpEngine.php(47): Illuminate\\View\\Engines\\CompilerEngine->handleViewException(Object(Symfony\\Component\\Debug\\Exception\\FatalThrowableError), 1)
#1 C:\\xampp\\htdocs\\villa\\villa\\vendor\\laravel\\framework\\src\\Illuminate\\View\\Engines\\CompilerEngine.php(59): Illuminate\\View\\Engines\\PhpEngine->evaluatePath('C:\\\\xampp\\\\htdocs...', Array)
#2 C:\\xampp\\htdocs\\villa\\villa\\vendor\\laravel\\framework\\src\\Illuminate\\View\\View.php(137): Illuminate\\View\\Engines\\CompilerEngine->get('C:\\\\xampp\\\\htdocs...', Array)
#3 C:\\xampp\\htdocs\\villa\\villa\\vendor\\laravel\\framework\\src\\Illuminate\\View\\View.php(120): Illuminate\\View\\View->getContents()
#4 C:\\xampp\\htdocs\\villa\\villa\\vendor\\laravel\\framework\\src\\Illuminate\\View\\View.php(85): Illuminate\\View\\View->renderContents()
#5 C:\\xampp\\htdocs\\villa\\villa\\vendor\\laravel\\framework\\src\\Illuminate\\Http\\Response.php(42): Illuminate\\View\\View->render()
#6 C:\\xampp\\htdocs\\villa\\villa\\vendor\\symfony\\http-foundation\\Response.php(196): Illuminate\\Http\\Response->setContent(Object(Illuminate\\View\\View))
#7 C:\\xampp\\htdocs\\villa\\villa\\vendor\\laravel\\framework\\src\\Illuminate\\Routing\\Router.php(727): Symfony\\Component\\HttpFoundation\\Response->__construct(Object(Illuminate\\View\\View))
#8 C:\\xampp\\htdocs\\villa\\villa\\vendor\\laravel\\framework\\src\\Illuminate\\Routing\\Router.php(699): Illuminate\\Routing\\Router::toResponse(Object(Illuminate\\Http\\Request), Object(Illuminate\\View\\View))
#9 C:\\xampp\\htdocs\\villa\\villa\\vendor\\laravel\\framework\\src\\Illuminate\\Routing\\Router.php(659): Illuminate\\Routing\\Router->prepareResponse(Object(Illuminate\\Http\\Request), Object(Illuminate\\View\\View))
#10 C:\\xampp\\htdocs\\villa\\villa\\vendor\\laravel\\framework\\src\\Illuminate\\Routing\\Pipeline.php(30): Illuminate\\Routing\\Router->Illuminate\\Routing\\{closure}(Object(Illuminate\\Http\\Request))
#11 C:\\xampp\\htdocs\\villa\\villa\\vendor\\laravel\\framework\\src\\Illuminate\\Routing\\Middleware\\SubstituteBindings.php(41): Illuminate\\Routing\\Pipeline->Illuminate\\Routing\\{closure}(Object(Illuminate\\Http\\Request))
#12 C:\\xampp\\htdocs\\villa\\villa\\vendor\\laravel\\framework\\src\\Illuminate\\Pipeline\\Pipeline.php(149): Illuminate\\Routing\\Middleware\\SubstituteBindings->handle(Object(Illuminate\\Http\\Request), Object(Closure))
#13 C:\\xampp\\htdocs\\villa\\villa\\vendor\\laravel\\framework\\src\\Illuminate\\Routing\\Pipeline.php(53): Illuminate\\Pipeline\\Pipeline->Illuminate\\Pipeline\\{closure}(Object(Illuminate\\Http\\Request))
#14 C:\\xampp\\htdocs\\villa\\villa\\vendor\\laravel\\framework\\src\\Illuminate\\Auth\\Middleware\\Authenticate.php(43): Illuminate\\Routing\\Pipeline->Illuminate\\Routing\\{closure}(Object(Illuminate\\Http\\Request))
#15 C:\\xampp\\htdocs\\villa\\villa\\vendor\\laravel\\framework\\src\\Illuminate\\Pipeline\\Pipeline.php(149): Illuminate\\Auth\\Middleware\\Authenticate->handle(Object(Illuminate\\Http\\Request), Object(Closure), 'user')
#16 C:\\xampp\\htdocs\\villa\\villa\\vendor\\laravel\\framework\\src\\Illuminate\\Routing\\Pipeline.php(53): Illuminate\\Pipeline\\Pipeline->Illuminate\\Pipeline\\{closure}(Object(Illuminate\\Http\\Request))
#17 C:\\xampp\\htdocs\\villa\\villa\\vendor\\laravel\\framework\\src\\Illuminate\\Foundation\\Http\\Middleware\\VerifyCsrfToken.php(67): Illuminate\\Routing\\Pipeline->Illuminate\\Routing\\{closure}(Object(Illuminate\\Http\\Request))
#18 C:\\xampp\\htdocs\\villa\\villa\\vendor\\laravel\\framework\\src\\Illuminate\\Pipeline\\Pipeline.php(149): Illuminate\\Foundation\\Http\\Middleware\\VerifyCsrfToken->handle(Object(Illuminate\\Http\\Request), Object(Closure))
#19 C:\\xampp\\htdocs\\villa\\villa\\vendor\\laravel\\framework\\src\\Illuminate\\Routing\\Pipeline.php(53): Illuminate\\Pipeline\\Pipeline->Illuminate\\Pipeline\\{closure}(Object(Illuminate\\Http\\Request))
#20 C:\\xampp\\htdocs\\villa\\villa\\vendor\\laravel\\framework\\src\\Illuminate\\View\\Middleware\\ShareErrorsFromSession.php(49): Illuminate\\Routing\\Pipeline->Illuminate\\Routing\\{closure}(Object(Illuminate\\Http\\Request))
#21 C:\\xampp\\htdocs\\villa\\villa\\vendor\\laravel\\framework\\src\\Illuminate\\Pipeline\\Pipeline.php(149): Illuminate\\View\\Middleware\\ShareErrorsFromSession->handle(Object(Illuminate\\Http\\Request), Object(Closure))
#22 C:\\xampp\\htdocs\\villa\\villa\\vendor\\laravel\\framework\\src\\Illuminate\\Routing\\Pipeline.php(53): Illuminate\\Pipeline\\Pipeline->Illuminate\\Pipeline\\{closure}(Object(Illuminate\\Http\\Request))
#23 C:\\xampp\\htdocs\\villa\\villa\\vendor\\laravel\\framework\\src\\Illuminate\\Session\\Middleware\\StartSession.php(63): Illuminate\\Routing\\Pipeline->Illuminate\\Routing\\{closure}(Object(Illuminate\\Http\\Request))
#24 C:\\xampp\\htdocs\\villa\\villa\\vendor\\laravel\\framework\\src\\Illuminate\\Pipeline\\Pipeline.php(149): Illuminate\\Session\\Middleware\\StartSession->handle(Object(Illuminate\\Http\\Request), Object(Closure))
#25 C:\\xampp\\htdocs\\villa\\villa\\vendor\\laravel\\framework\\src\\Illuminate\\Routing\\Pipeline.php(53): Illuminate\\Pipeline\\Pipeline->Illuminate\\Pipeline\\{closure}(Object(Illuminate\\Http\\Request))
#26 C:\\xampp\\htdocs\\villa\\villa\\vendor\\laravel\\framework\\src\\Illuminate\\Cookie\\Middleware\\AddQueuedCookiesToResponse.php(37): Illuminate\\Routing\\Pipeline->Illuminate\\Routing\\{closure}(Object(Illuminate\\Http\\Request))
#27 C:\\xampp\\htdocs\\villa\\villa\\vendor\\laravel\\framework\\src\\Illuminate\\Pipeline\\Pipeline.php(149): Illuminate\\Cookie\\Middleware\\AddQueuedCookiesToResponse->handle(Object(Illuminate\\Http\\Request), Object(Closure))
#28 C:\\xampp\\htdocs\\villa\\villa\\vendor\\laravel\\framework\\src\\Illuminate\\Routing\\Pipeline.php(53): Illuminate\\Pipeline\\Pipeline->Illuminate\\Pipeline\\{closure}(Object(Illuminate\\Http\\Request))
#29 C:\\xampp\\htdocs\\villa\\villa\\vendor\\laravel\\framework\\src\\Illuminate\\Cookie\\Middleware\\EncryptCookies.php(59): Illuminate\\Routing\\Pipeline->Illuminate\\Routing\\{closure}(Object(Illuminate\\Http\\Request))
#30 C:\\xampp\\htdocs\\villa\\villa\\vendor\\laravel\\framework\\src\\Illuminate\\Pipeline\\Pipeline.php(149): Illuminate\\Cookie\\Middleware\\EncryptCookies->handle(Object(Illuminate\\Http\\Request), Object(Closure))
#31 C:\\xampp\\htdocs\\villa\\villa\\vendor\\laravel\\framework\\src\\Illuminate\\Routing\\Pipeline.php(53): Illuminate\\Pipeline\\Pipeline->Illuminate\\Pipeline\\{closure}(Object(Illuminate\\Http\\Request))
#32 C:\\xampp\\htdocs\\villa\\villa\\vendor\\laravel\\framework\\src\\Illuminate\\Pipeline\\Pipeline.php(102): Illuminate\\Routing\\Pipeline->Illuminate\\Routing\\{closure}(Object(Illuminate\\Http\\Request))
#33 C:\\xampp\\htdocs\\villa\\villa\\vendor\\laravel\\framework\\src\\Illuminate\\Routing\\Router.php(661): Illuminate\\Pipeline\\Pipeline->then(Object(Closure))
#34 C:\\xampp\\htdocs\\villa\\villa\\vendor\\laravel\\framework\\src\\Illuminate\\Routing\\Router.php(636): Illuminate\\Routing\\Router->runRouteWithinStack(Object(Illuminate\\Routing\\Route), Object(Illuminate\\Http\\Request))
#35 C:\\xampp\\htdocs\\villa\\villa\\vendor\\laravel\\framework\\src\\Illuminate\\Routing\\Router.php(602): Illuminate\\Routing\\Router->runRoute(Object(Illuminate\\Http\\Request), Object(Illuminate\\Routing\\Route))
#36 C:\\xampp\\htdocs\\villa\\villa\\vendor\\laravel\\framework\\src\\Illuminate\\Routing\\Router.php(591): Illuminate\\Routing\\Router->dispatchToRoute(Object(Illuminate\\Http\\Request))
#37 C:\\xampp\\htdocs\\villa\\villa\\vendor\\laravel\\framework\\src\\Illuminate\\Foundation\\Http\\Kernel.php(176): Illuminate\\Routing\\Router->dispatch(Object(Illuminate\\Http\\Request))
#38 C:\\xampp\\htdocs\\villa\\villa\\vendor\\laravel\\framework\\src\\Illuminate\\Routing\\Pipeline.php(30): Illuminate\\Foundation\\Http\\Kernel->Illuminate\\Foundation\\Http\\{closure}(Object(Illuminate\\Http\\Request))
#39 C:\\xampp\\htdocs\\villa\\villa\\vendor\\fideloper\\proxy\\src\\TrustProxies.php(57): Illuminate\\Routing\\Pipeline->Illuminate\\Routing\\{closure}(Object(Illuminate\\Http\\Request))
#40 C:\\xampp\\htdocs\\villa\\villa\\vendor\\laravel\\framework\\src\\Illuminate\\Pipeline\\Pipeline.php(149): Fideloper\\Proxy\\TrustProxies->handle(Object(Illuminate\\Http\\Request), Object(Closure))
#41 C:\\xampp\\htdocs\\villa\\villa\\vendor\\laravel\\framework\\src\\Illuminate\\Routing\\Pipeline.php(53): Illuminate\\Pipeline\\Pipeline->Illuminate\\Pipeline\\{closure}(Object(Illuminate\\Http\\Request))
#42 C:\\xampp\\htdocs\\villa\\villa\\vendor\\laravel\\framework\\src\\Illuminate\\Foundation\\Http\\Middleware\\TransformsRequest.php(30): Illuminate\\Routing\\Pipeline->Illuminate\\Routing\\{closure}(Object(Illuminate\\Http\\Request))
#43 C:\\xampp\\htdocs\\villa\\villa\\vendor\\laravel\\framework\\src\\Illuminate\\Pipeline\\Pipeline.php(149): Illuminate\\Foundation\\Http\\Middleware\\TransformsRequest->handle(Object(Illuminate\\Http\\Request), Object(Closure))
#44 C:\\xampp\\htdocs\\villa\\villa\\vendor\\laravel\\framework\\src\\Illuminate\\Routing\\Pipeline.php(53): Illuminate\\Pipeline\\Pipeline->Illuminate\\Pipeline\\{closure}(Object(Illuminate\\Http\\Request))
#45 C:\\xampp\\htdocs\\villa\\villa\\vendor\\laravel\\framework\\src\\Illuminate\\Foundation\\Http\\Middleware\\TransformsRequest.php(30): Illuminate\\Routing\\Pipeline->Illuminate\\Routing\\{closure}(Object(Illuminate\\Http\\Request))
#46 C:\\xampp\\htdocs\\villa\\villa\\vendor\\laravel\\framework\\src\\Illuminate\\Pipeline\\Pipeline.php(149): Illuminate\\Foundation\\Http\\Middleware\\TransformsRequest->handle(Object(Illuminate\\Http\\Request), Object(Closure))
#47 C:\\xampp\\htdocs\\villa\\villa\\vendor\\laravel\\framework\\src\\Illuminate\\Routing\\Pipeline.php(53): Illuminate\\Pipeline\\Pipeline->Illuminate\\Pipeline\\{closure}(Object(Illuminate\\Http\\Request))
#48 C:\\xampp\\htdocs\\villa\\villa\\vendor\\laravel\\framework\\src\\Illuminate\\Foundation\\Http\\Middleware\\ValidatePostSize.php(27): Illuminate\\Routing\\Pipeline->Illuminate\\Routing\\{closure}(Object(Illuminate\\Http\\Request))
#49 C:\\xampp\\htdocs\\villa\\villa\\vendor\\laravel\\framework\\src\\Illuminate\\Pipeline\\Pipeline.php(149): Illuminate\\Foundation\\Http\\Middleware\\ValidatePostSize->handle(Object(Illuminate\\Http\\Request), Object(Closure))
#50 C:\\xampp\\htdocs\\villa\\villa\\vendor\\laravel\\framework\\src\\Illuminate\\Routing\\Pipeline.php(53): Illuminate\\Pipeline\\Pipeline->Illuminate\\Pipeline\\{closure}(Object(Illuminate\\Http\\Request))
#51 C:\\xampp\\htdocs\\villa\\villa\\vendor\\laravel\\framework\\src\\Illuminate\\Foundation\\Http\\Middleware\\CheckForMaintenanceMode.php(46): Illuminate\\Routing\\Pipeline->Illuminate\\Routing\\{closure}(Object(Illuminate\\Http\\Request))
#52 C:\\xampp\\htdocs\\villa\\villa\\vendor\\laravel\\framework\\src\\Illuminate\\Pipeline\\Pipeline.php(149): Illuminate\\Foundation\\Http\\Middleware\\CheckForMaintenanceMode->handle(Object(Illuminate\\Http\\Request), Object(Closure))
#53 C:\\xampp\\htdocs\\villa\\villa\\vendor\\laravel\\framework\\src\\Illuminate\\Routing\\Pipeline.php(53): Illuminate\\Pipeline\\Pipeline->Illuminate\\Pipeline\\{closure}(Object(Illuminate\\Http\\Request))
#54 C:\\xampp\\htdocs\\villa\\villa\\vendor\\laravel\\framework\\src\\Illuminate\\Pipeline\\Pipeline.php(102): Illuminate\\Routing\\Pipeline->Illuminate\\Routing\\{closure}(Object(Illuminate\\Http\\Request))
#55 C:\\xampp\\htdocs\\villa\\villa\\vendor\\laravel\\framework\\src\\Illuminate\\Foundation\\Http\\Kernel.php(151): Illuminate\\Pipeline\\Pipeline->then(Object(Closure))
#56 C:\\xampp\\htdocs\\villa\\villa\\vendor\\laravel\\framework\\src\\Illuminate\\Foundation\\Http\\Kernel.php(116): Illuminate\\Foundation\\Http\\Kernel->sendRequestThroughRouter(Object(Illuminate\\Http\\Request))
#57 C:\\xampp\\htdocs\\villa\\villa\\public\\index.php(55): Illuminate\\Foundation\\Http\\Kernel->handle(Object(Illuminate\\Http\\Request))
#58 {main}
"} 
[2018-03-18 08:16:03] local.ERROR: Method App\Http\Controllers\users\UserController::showBlogconfig does not exist. {"userId":2,"exception":"[object] (BadMethodCallException(code: 0): Method App\\Http\\Controllers\\users\\UserController::showBlogconfig does not exist. at C:\\xampp\\htdocs\\villa\\villa\\vendor\\laravel\\framework\\src\\Illuminate\\Routing\\Controller.php:68)
[stacktrace]
#0 [internal function]: Illuminate\\Routing\\Controller->__call('showBlogconfig', Array)
#1 C:\\xampp\\htdocs\\villa\\villa\\vendor\\laravel\\framework\\src\\Illuminate\\Routing\\Controller.php(54): call_user_func_array(Array, Array)
#2 C:\\xampp\\htdocs\\villa\\villa\\vendor\\laravel\\framework\\src\\Illuminate\\Routing\\ControllerDispatcher.php(45): Illuminate\\Routing\\Controller->callAction('showBlogconfig', Array)
#3 C:\\xampp\\htdocs\\villa\\villa\\vendor\\laravel\\framework\\src\\Illuminate\\Routing\\Route.php(212): Illuminate\\Routing\\ControllerDispatcher->dispatch(Object(Illuminate\\Routing\\Route), Object(App\\Http\\Controllers\\users\\UserController), 'showBlogconfig')
#4 C:\\xampp\\htdocs\\villa\\villa\\vendor\\laravel\\framework\\src\\Illuminate\\Routing\\Route.php(169): Illuminate\\Routing\\Route->runController()
#5 C:\\xampp\\htdocs\\villa\\villa\\vendor\\laravel\\framework\\src\\Illuminate\\Routing\\Router.php(659): Illuminate\\Routing\\Route->run()
#6 C:\\xampp\\htdocs\\villa\\villa\\vendor\\laravel\\framework\\src\\Illuminate\\Routing\\Pipeline.php(30): Illuminate\\Routing\\Router->Illuminate\\Routing\\{closure}(Object(Illuminate\\Http\\Request))
#7 C:\\xampp\\htdocs\\villa\\villa\\vendor\\laravel\\framework\\src\\Illuminate\\Routing\\Middleware\\SubstituteBindings.php(41): Illuminate\\Routing\\Pipeline->Illuminate\\Routing\\{closure}(Object(Illuminate\\Http\\Request))
#8 C:\\xampp\\htdocs\\villa\\villa\\vendor\\laravel\\framework\\src\\Illuminate\\Pipeline\\Pipeline.php(149): Illuminate\\Routing\\Middleware\\SubstituteBindings->handle(Object(Illuminate\\Http\\Request), Object(Closure))
#9 C:\\xampp\\htdocs\\villa\\villa\\vendor\\laravel\\framework\\src\\Illuminate\\Routing\\Pipeline.php(53): Illuminate\\Pipeline\\Pipeline->Illuminate\\Pipeline\\{closure}(Object(Illuminate\\Http\\Request))
#10 C:\\xampp\\htdocs\\villa\\villa\\vendor\\laravel\\framework\\src\\Illuminate\\Auth\\Middleware\\Authenticate.php(43): Illuminate\\Routing\\Pipeline->Illuminate\\Routing\\{closure}(Object(Illuminate\\Http\\Request))
#11 C:\\xampp\\htdocs\\villa\\villa\\vendor\\laravel\\framework\\src\\Illuminate\\Pipeline\\Pipeline.php(149): Illuminate\\Auth\\Middleware\\Authenticate->handle(Object(Illuminate\\Http\\Request), Object(Closure), 'user')
#12 C:\\xampp\\htdocs\\villa\\villa\\vendor\\laravel\\framework\\src\\Illuminate\\Routing\\Pipeline.php(53): Illuminate\\Pipeline\\Pipeline->Illuminate\\Pipeline\\{closure}(Object(Illuminate\\Http\\Request))
#13 C:\\xampp\\htdocs\\villa\\villa\\vendor\\laravel\\framework\\src\\Illuminate\\Foundation\\Http\\Middleware\\VerifyCsrfToken.php(67): Illuminate\\Routing\\Pipeline->Illuminate\\Routing\\{closure}(Object(Illuminate\\Http\\Request))
#14 C:\\xampp\\htdocs\\villa\\villa\\vendor\\laravel\\framework\\src\\Illuminate\\Pipeline\\Pipeline.php(149): Illuminate\\Foundation\\Http\\Middleware\\VerifyCsrfToken->handle(Object(Illuminate\\Http\\Request), Object(Closure))
#15 C:\\xampp\\htdocs\\villa\\villa\\vendor\\laravel\\framework\\src\\Illuminate\\Routing\\Pipeline.php(53): Illuminate\\Pipeline\\Pipeline->Illuminate\\Pipeline\\{closure}(Object(Illuminate\\Http\\Request))
#16 C:\\xampp\\htdocs\\villa\\villa\\vendor\\laravel\\framework\\src\\Illuminate\\View\\Middleware\\ShareErrorsFromSession.php(49): Illuminate\\Routing\\Pipeline->Illuminate\\Routing\\{closure}(Object(Illuminate\\Http\\Request))
#17 C:\\xampp\\htdocs\\villa\\villa\\vendor\\laravel\\framework\\src\\Illuminate\\Pipeline\\Pipeline.php(149): Illuminate\\View\\Middleware\\ShareErrorsFromSession->handle(Object(Illuminate\\Http\\Request), Object(Closure))
#18 C:\\xampp\\htdocs\\villa\\villa\\vendor\\laravel\\framework\\src\\Illuminate\\Routing\\Pipeline.php(53): Illuminate\\Pipeline\\Pipeline->Illuminate\\Pipeline\\{closure}(Object(Illuminate\\Http\\Request))
#19 C:\\xampp\\htdocs\\villa\\villa\\vendor\\laravel\\framework\\src\\Illuminate\\Session\\Middleware\\StartSession.php(63): Illuminate\\Routing\\Pipeline->Illuminate\\Routing\\{closure}(Object(Illuminate\\Http\\Request))
#20 C:\\xampp\\htdocs\\villa\\villa\\vendor\\laravel\\framework\\src\\Illuminate\\Pipeline\\Pipeline.php(149): Illuminate\\Session\\Middleware\\StartSession->handle(Object(Illuminate\\Http\\Request), Object(Closure))
#21 C:\\xampp\\htdocs\\villa\\villa\\vendor\\laravel\\framework\\src\\Illuminate\\Routing\\Pipeline.php(53): Illuminate\\Pipeline\\Pipeline->Illuminate\\Pipeline\\{closure}(Object(Illuminate\\Http\\Request))
#22 C:\\xampp\\htdocs\\villa\\villa\\vendor\\laravel\\framework\\src\\Illuminate\\Cookie\\Middleware\\AddQueuedCookiesToResponse.php(37): Illuminate\\Routing\\Pipeline->Illuminate\\Routing\\{closure}(Object(Illuminate\\Http\\Request))
#23 C:\\xampp\\htdocs\\villa\\villa\\vendor\\laravel\\framework\\src\\Illuminate\\Pipeline\\Pipeline.php(149): Illuminate\\Cookie\\Middleware\\AddQueuedCookiesToResponse->handle(Object(Illuminate\\Http\\Request), Object(Closure))
#24 C:\\xampp\\htdocs\\villa\\villa\\vendor\\laravel\\framework\\src\\Illuminate\\Routing\\Pipeline.php(53): Illuminate\\Pipeline\\Pipeline->Illuminate\\Pipeline\\{closure}(Object(Illuminate\\Http\\Request))
#25 C:\\xampp\\htdocs\\villa\\villa\\vendor\\laravel\\framework\\src\\Illuminate\\Cookie\\Middleware\\EncryptCookies.php(59): Illuminate\\Routing\\Pipeline->Illuminate\\Routing\\{closure}(Object(Illuminate\\Http\\Request))
#26 C:\\xampp\\htdocs\\villa\\villa\\vendor\\laravel\\framework\\src\\Illuminate\\Pipeline\\Pipeline.php(149): Illuminate\\Cookie\\Middleware\\EncryptCookies->handle(Object(Illuminate\\Http\\Request), Object(Closure))
#27 C:\\xampp\\htdocs\\villa\\villa\\vendor\\laravel\\framework\\src\\Illuminate\\Routing\\Pipeline.php(53): Illuminate\\Pipeline\\Pipeline->Illuminate\\Pipeline\\{closure}(Object(Illuminate\\Http\\Request))
#28 C:\\xampp\\htdocs\\villa\\villa\\vendor\\laravel\\framework\\src\\Illuminate\\Pipeline\\Pipeline.php(102): Illuminate\\Routing\\Pipeline->Illuminate\\Routing\\{closure}(Object(Illuminate\\Http\\Request))
#29 C:\\xampp\\htdocs\\villa\\villa\\vendor\\laravel\\framework\\src\\Illuminate\\Routing\\Router.php(661): Illuminate\\Pipeline\\Pipeline->then(Object(Closure))
#30 C:\\xampp\\htdocs\\villa\\villa\\vendor\\laravel\\framework\\src\\Illuminate\\Routing\\Router.php(636): Illuminate\\Routing\\Router->runRouteWithinStack(Object(Illuminate\\Routing\\Route), Object(Illuminate\\Http\\Request))
#31 C:\\xampp\\htdocs\\villa\\villa\\vendor\\laravel\\framework\\src\\Illuminate\\Routing\\Router.php(602): Illuminate\\Routing\\Router->runRoute(Object(Illuminate\\Http\\Request), Object(Illuminate\\Routing\\Route))
#32 C:\\xampp\\htdocs\\villa\\villa\\vendor\\laravel\\framework\\src\\Illuminate\\Routing\\Router.php(591): Illuminate\\Routing\\Router->dispatchToRoute(Object(Illuminate\\Http\\Request))
#33 C:\\xampp\\htdocs\\villa\\villa\\vendor\\laravel\\framework\\src\\Illuminate\\Foundation\\Http\\Kernel.php(176): Illuminate\\Routing\\Router->dispatch(Object(Illuminate\\Http\\Request))
#34 C:\\xampp\\htdocs\\villa\\villa\\vendor\\laravel\\framework\\src\\Illuminate\\Routing\\Pipeline.php(30): Illuminate\\Foundation\\Http\\Kernel->Illuminate\\Foundation\\Http\\{closure}(Object(Illuminate\\Http\\Request))
#35 C:\\xampp\\htdocs\\villa\\villa\\vendor\\fideloper\\proxy\\src\\TrustProxies.php(57): Illuminate\\Routing\\Pipeline->Illuminate\\Routing\\{closure}(Object(Illuminate\\Http\\Request))
#36 C:\\xampp\\htdocs\\villa\\villa\\vendor\\laravel\\framework\\src\\Illuminate\\Pipeline\\Pipeline.php(149): Fideloper\\Proxy\\TrustProxies->handle(Object(Illuminate\\Http\\Request), Object(Closure))
#37 C:\\xampp\\htdocs\\villa\\villa\\vendor\\laravel\\framework\\src\\Illuminate\\Routing\\Pipeline.php(53): Illuminate\\Pipeline\\Pipeline->Illuminate\\Pipeline\\{closure}(Object(Illuminate\\Http\\Request))
#38 C:\\xampp\\htdocs\\villa\\villa\\vendor\\laravel\\framework\\src\\Illuminate\\Foundation\\Http\\Middleware\\TransformsRequest.php(30): Illuminate\\Routing\\Pipeline->Illuminate\\Routing\\{closure}(Object(Illuminate\\Http\\Request))
#39 C:\\xampp\\htdocs\\villa\\villa\\vendor\\laravel\\framework\\src\\Illuminate\\Pipeline\\Pipeline.php(149): Illuminate\\Foundation\\Http\\Middleware\\TransformsRequest->handle(Object(Illuminate\\Http\\Request), Object(Closure))
#40 C:\\xampp\\htdocs\\villa\\villa\\vendor\\laravel\\framework\\src\\Illuminate\\Routing\\Pipeline.php(53): Illuminate\\Pipeline\\Pipeline->Illuminate\\Pipeline\\{closure}(Object(Illuminate\\Http\\Request))
#41 C:\\xampp\\htdocs\\villa\\villa\\vendor\\laravel\\framework\\src\\Illuminate\\Foundation\\Http\\Middleware\\TransformsRequest.php(30): Illuminate\\Routing\\Pipeline->Illuminate\\Routing\\{closure}(Object(Illuminate\\Http\\Request))
#42 C:\\xampp\\htdocs\\villa\\villa\\vendor\\laravel\\framework\\src\\Illuminate\\Pipeline\\Pipeline.php(149): Illuminate\\Foundation\\Http\\Middleware\\TransformsRequest->handle(Object(Illuminate\\Http\\Request), Object(Closure))
#43 C:\\xampp\\htdocs\\villa\\villa\\vendor\\laravel\\framework\\src\\Illuminate\\Routing\\Pipeline.php(53): Illuminate\\Pipeline\\Pipeline->Illuminate\\Pipeline\\{closure}(Object(Illuminate\\Http\\Request))
#44 C:\\xampp\\htdocs\\villa\\villa\\vendor\\laravel\\framework\\src\\Illuminate\\Foundation\\Http\\Middleware\\ValidatePostSize.php(27): Illuminate\\Routing\\Pipeline->Illuminate\\Routing\\{closure}(Object(Illuminate\\Http\\Request))
#45 C:\\xampp\\htdocs\\villa\\villa\\vendor\\laravel\\framework\\src\\Illuminate\\Pipeline\\Pipeline.php(149): Illuminate\\Foundation\\Http\\Middleware\\ValidatePostSize->handle(Object(Illuminate\\Http\\Request), Object(Closure))
#46 C:\\xampp\\htdocs\\villa\\villa\\vendor\\laravel\\framework\\src\\Illuminate\\Routing\\Pipeline.php(53): Illuminate\\Pipeline\\Pipeline->Illuminate\\Pipeline\\{closure}(Object(Illuminate\\Http\\Request))
#47 C:\\xampp\\htdocs\\villa\\villa\\vendor\\laravel\\framework\\src\\Illuminate\\Foundation\\Http\\Middleware\\CheckForMaintenanceMode.php(46): Illuminate\\Routing\\Pipeline->Illuminate\\Routing\\{closure}(Object(Illuminate\\Http\\Request))
#48 C:\\xampp\\htdocs\\villa\\villa\\vendor\\laravel\\framework\\src\\Illuminate\\Pipeline\\Pipeline.php(149): Illuminate\\Foundation\\Http\\Middleware\\CheckForMaintenanceMode->handle(Object(Illuminate\\Http\\Request), Object(Closure))
#49 C:\\xampp\\htdocs\\villa\\villa\\vendor\\laravel\\framework\\src\\Illuminate\\Routing\\Pipeline.php(53): Illuminate\\Pipeline\\Pipeline->Illuminate\\Pipeline\\{closure}(Object(Illuminate\\Http\\Request))
#50 C:\\xampp\\htdocs\\villa\\villa\\vendor\\laravel\\framework\\src\\Illuminate\\Pipeline\\Pipeline.php(102): Illuminate\\Routing\\Pipeline->Illuminate\\Routing\\{closure}(Object(Illuminate\\Http\\Request))
#51 C:\\xampp\\htdocs\\villa\\villa\\vendor\\laravel\\framework\\src\\Illuminate\\Foundation\\Http\\Kernel.php(151): Illuminate\\Pipeline\\Pipeline->then(Object(Closure))
#52 C:\\xampp\\htdocs\\villa\\villa\\vendor\\laravel\\framework\\src\\Illuminate\\Foundation\\Http\\Kernel.php(116): Illuminate\\Foundation\\Http\\Kernel->sendRequestThroughRouter(Object(Illuminate\\Http\\Request))
#53 C:\\xampp\\htdocs\\villa\\villa\\public\\index.php(55): Illuminate\\Foundation\\Http\\Kernel->handle(Object(Illuminate\\Http\\Request))
#54 {main}
"} 
[2018-03-18 08:47:48] local.ERROR: Method App\Http\Controllers\users\UserController::blogaction does not exist. {"userId":2,"exception":"[object] (BadMethodCallException(code: 0): Method App\\Http\\Controllers\\users\\UserController::blogaction does not exist. at C:\\xampp\\htdocs\\villa\\villa\\vendor\\laravel\\framework\\src\\Illuminate\\Routing\\Controller.php:68)
[stacktrace]
#0 [internal function]: Illuminate\\Routing\\Controller->__call('blogaction', Array)
#1 C:\\xampp\\htdocs\\villa\\villa\\vendor\\laravel\\framework\\src\\Illuminate\\Routing\\Controller.php(54): call_user_func_array(Array, Array)
#2 C:\\xampp\\htdocs\\villa\\villa\\vendor\\laravel\\framework\\src\\Illuminate\\Routing\\ControllerDispatcher.php(45): Illuminate\\Routing\\Controller->callAction('blogaction', Array)
#3 C:\\xampp\\htdocs\\villa\\villa\\vendor\\laravel\\framework\\src\\Illuminate\\Routing\\Route.php(212): Illuminate\\Routing\\ControllerDispatcher->dispatch(Object(Illuminate\\Routing\\Route), Object(App\\Http\\Controllers\\users\\UserController), 'blogaction')
#4 C:\\xampp\\htdocs\\villa\\villa\\vendor\\laravel\\framework\\src\\Illuminate\\Routing\\Route.php(169): Illuminate\\Routing\\Route->runController()
#5 C:\\xampp\\htdocs\\villa\\villa\\vendor\\laravel\\framework\\src\\Illuminate\\Routing\\Router.php(659): Illuminate\\Routing\\Route->run()
#6 C:\\xampp\\htdocs\\villa\\villa\\vendor\\laravel\\framework\\src\\Illuminate\\Routing\\Pipeline.php(30): Illuminate\\Routing\\Router->Illuminate\\Routing\\{closure}(Object(Illuminate\\Http\\Request))
#7 C:\\xampp\\htdocs\\villa\\villa\\vendor\\laravel\\framework\\src\\Illuminate\\Routing\\Middleware\\SubstituteBindings.php(41): Illuminate\\Routing\\Pipeline->Illuminate\\Routing\\{closure}(Object(Illuminate\\Http\\Request))
#8 C:\\xampp\\htdocs\\villa\\villa\\vendor\\laravel\\framework\\src\\Illuminate\\Pipeline\\Pipeline.php(149): Illuminate\\Routing\\Middleware\\SubstituteBindings->handle(Object(Illuminate\\Http\\Request), Object(Closure))
#9 C:\\xampp\\htdocs\\villa\\villa\\vendor\\laravel\\framework\\src\\Illuminate\\Routing\\Pipeline.php(53): Illuminate\\Pipeline\\Pipeline->Illuminate\\Pipeline\\{closure}(Object(Illuminate\\Http\\Request))
#10 C:\\xampp\\htdocs\\villa\\villa\\vendor\\laravel\\framework\\src\\Illuminate\\Auth\\Middleware\\Authenticate.php(43): Illuminate\\Routing\\Pipeline->Illuminate\\Routing\\{closure}(Object(Illuminate\\Http\\Request))
#11 C:\\xampp\\htdocs\\villa\\villa\\vendor\\laravel\\framework\\src\\Illuminate\\Pipeline\\Pipeline.php(149): Illuminate\\Auth\\Middleware\\Authenticate->handle(Object(Illuminate\\Http\\Request), Object(Closure), 'user')
#12 C:\\xampp\\htdocs\\villa\\villa\\vendor\\laravel\\framework\\src\\Illuminate\\Routing\\Pipeline.php(53): Illuminate\\Pipeline\\Pipeline->Illuminate\\Pipeline\\{closure}(Object(Illuminate\\Http\\Request))
#13 C:\\xampp\\htdocs\\villa\\villa\\vendor\\laravel\\framework\\src\\Illuminate\\Foundation\\Http\\Middleware\\VerifyCsrfToken.php(67): Illuminate\\Routing\\Pipeline->Illuminate\\Routing\\{closure}(Object(Illuminate\\Http\\Request))
#14 C:\\xampp\\htdocs\\villa\\villa\\vendor\\laravel\\framework\\src\\Illuminate\\Pipeline\\Pipeline.php(149): Illuminate\\Foundation\\Http\\Middleware\\VerifyCsrfToken->handle(Object(Illuminate\\Http\\Request), Object(Closure))
#15 C:\\xampp\\htdocs\\villa\\villa\\vendor\\laravel\\framework\\src\\Illuminate\\Routing\\Pipeline.php(53): Illuminate\\Pipeline\\Pipeline->Illuminate\\Pipeline\\{closure}(Object(Illuminate\\Http\\Request))
#16 C:\\xampp\\htdocs\\villa\\villa\\vendor\\laravel\\framework\\src\\Illuminate\\View\\Middleware\\ShareErrorsFromSession.php(49): Illuminate\\Routing\\Pipeline->Illuminate\\Routing\\{closure}(Object(Illuminate\\Http\\Request))
#17 C:\\xampp\\htdocs\\villa\\villa\\vendor\\laravel\\framework\\src\\Illuminate\\Pipeline\\Pipeline.php(149): Illuminate\\View\\Middleware\\ShareErrorsFromSession->handle(Object(Illuminate\\Http\\Request), Object(Closure))
#18 C:\\xampp\\htdocs\\villa\\villa\\vendor\\laravel\\framework\\src\\Illuminate\\Routing\\Pipeline.php(53): Illuminate\\Pipeline\\Pipeline->Illuminate\\Pipeline\\{closure}(Object(Illuminate\\Http\\Request))
#19 C:\\xampp\\htdocs\\villa\\villa\\vendor\\laravel\\framework\\src\\Illuminate\\Session\\Middleware\\StartSession.php(63): Illuminate\\Routing\\Pipeline->Illuminate\\Routing\\{closure}(Object(Illuminate\\Http\\Request))
#20 C:\\xampp\\htdocs\\villa\\villa\\vendor\\laravel\\framework\\src\\Illuminate\\Pipeline\\Pipeline.php(149): Illuminate\\Session\\Middleware\\StartSession->handle(Object(Illuminate\\Http\\Request), Object(Closure))
#21 C:\\xampp\\htdocs\\villa\\villa\\vendor\\laravel\\framework\\src\\Illuminate\\Routing\\Pipeline.php(53): Illuminate\\Pipeline\\Pipeline->Illuminate\\Pipeline\\{closure}(Object(Illuminate\\Http\\Request))
#22 C:\\xampp\\htdocs\\villa\\villa\\vendor\\laravel\\framework\\src\\Illuminate\\Cookie\\Middleware\\AddQueuedCookiesToResponse.php(37): Illuminate\\Routing\\Pipeline->Illuminate\\Routing\\{closure}(Object(Illuminate\\Http\\Request))
#23 C:\\xampp\\htdocs\\villa\\villa\\vendor\\laravel\\framework\\src\\Illuminate\\Pipeline\\Pipeline.php(149): Illuminate\\Cookie\\Middleware\\AddQueuedCookiesToResponse->handle(Object(Illuminate\\Http\\Request), Object(Closure))
#24 C:\\xampp\\htdocs\\villa\\villa\\vendor\\laravel\\framework\\src\\Illuminate\\Routing\\Pipeline.php(53): Illuminate\\Pipeline\\Pipeline->Illuminate\\Pipeline\\{closure}(Object(Illuminate\\Http\\Request))
#25 C:\\xampp\\htdocs\\villa\\villa\\vendor\\laravel\\framework\\src\\Illuminate\\Cookie\\Middleware\\EncryptCookies.php(59): Illuminate\\Routing\\Pipeline->Illuminate\\Routing\\{closure}(Object(Illuminate\\Http\\Request))
#26 C:\\xampp\\htdocs\\villa\\villa\\vendor\\laravel\\framework\\src\\Illuminate\\Pipeline\\Pipeline.php(149): Illuminate\\Cookie\\Middleware\\EncryptCookies->handle(Object(Illuminate\\Http\\Request), Object(Closure))
#27 C:\\xampp\\htdocs\\villa\\villa\\vendor\\laravel\\framework\\src\\Illuminate\\Routing\\Pipeline.php(53): Illuminate\\Pipeline\\Pipeline->Illuminate\\Pipeline\\{closure}(Object(Illuminate\\Http\\Request))
#28 C:\\xampp\\htdocs\\villa\\villa\\vendor\\laravel\\framework\\src\\Illuminate\\Pipeline\\Pipeline.php(102): Illuminate\\Routing\\Pipeline->Illuminate\\Routing\\{closure}(Object(Illuminate\\Http\\Request))
#29 C:\\xampp\\htdocs\\villa\\villa\\vendor\\laravel\\framework\\src\\Illuminate\\Routing\\Router.php(661): Illuminate\\Pipeline\\Pipeline->then(Object(Closure))
#30 C:\\xampp\\htdocs\\villa\\villa\\vendor\\laravel\\framework\\src\\Illuminate\\Routing\\Router.php(636): Illuminate\\Routing\\Router->runRouteWithinStack(Object(Illuminate\\Routing\\Route), Object(Illuminate\\Http\\Request))
#31 C:\\xampp\\htdocs\\villa\\villa\\vendor\\laravel\\framework\\src\\Illuminate\\Routing\\Router.php(602): Illuminate\\Routing\\Router->runRoute(Object(Illuminate\\Http\\Request), Object(Illuminate\\Routing\\Route))
#32 C:\\xampp\\htdocs\\villa\\villa\\vendor\\laravel\\framework\\src\\Illuminate\\Routing\\Router.php(591): Illuminate\\Routing\\Router->dispatchToRoute(Object(Illuminate\\Http\\Request))
#33 C:\\xampp\\htdocs\\villa\\villa\\vendor\\laravel\\framework\\src\\Illuminate\\Foundation\\Http\\Kernel.php(176): Illuminate\\Routing\\Router->dispatch(Object(Illuminate\\Http\\Request))
#34 C:\\xampp\\htdocs\\villa\\villa\\vendor\\laravel\\framework\\src\\Illuminate\\Routing\\Pipeline.php(30): Illuminate\\Foundation\\Http\\Kernel->Illuminate\\Foundation\\Http\\{closure}(Object(Illuminate\\Http\\Request))
#35 C:\\xampp\\htdocs\\villa\\villa\\vendor\\fideloper\\proxy\\src\\TrustProxies.php(57): Illuminate\\Routing\\Pipeline->Illuminate\\Routing\\{closure}(Object(Illuminate\\Http\\Request))
#36 C:\\xampp\\htdocs\\villa\\villa\\vendor\\laravel\\framework\\src\\Illuminate\\Pipeline\\Pipeline.php(149): Fideloper\\Proxy\\TrustProxies->handle(Object(Illuminate\\Http\\Request), Object(Closure))
#37 C:\\xampp\\htdocs\\villa\\villa\\vendor\\laravel\\framework\\src\\Illuminate\\Routing\\Pipeline.php(53): Illuminate\\Pipeline\\Pipeline->Illuminate\\Pipeline\\{closure}(Object(Illuminate\\Http\\Request))
#38 C:\\xampp\\htdocs\\villa\\villa\\vendor\\laravel\\framework\\src\\Illuminate\\Foundation\\Http\\Middleware\\TransformsRequest.php(30): Illuminate\\Routing\\Pipeline->Illuminate\\Routing\\{closure}(Object(Illuminate\\Http\\Request))
#39 C:\\xampp\\htdocs\\villa\\villa\\vendor\\laravel\\framework\\src\\Illuminate\\Pipeline\\Pipeline.php(149): Illuminate\\Foundation\\Http\\Middleware\\TransformsRequest->handle(Object(Illuminate\\Http\\Request), Object(Closure))
#40 C:\\xampp\\htdocs\\villa\\villa\\vendor\\laravel\\framework\\src\\Illuminate\\Routing\\Pipeline.php(53): Illuminate\\Pipeline\\Pipeline->Illuminate\\Pipeline\\{closure}(Object(Illuminate\\Http\\Request))
#41 C:\\xampp\\htdocs\\villa\\villa\\vendor\\laravel\\framework\\src\\Illuminate\\Foundation\\Http\\Middleware\\TransformsRequest.php(30): Illuminate\\Routing\\Pipeline->Illuminate\\Routing\\{closure}(Object(Illuminate\\Http\\Request))
#42 C:\\xampp\\htdocs\\villa\\villa\\vendor\\laravel\\framework\\src\\Illuminate\\Pipeline\\Pipeline.php(149): Illuminate\\Foundation\\Http\\Middleware\\TransformsRequest->handle(Object(Illuminate\\Http\\Request), Object(Closure))
#43 C:\\xampp\\htdocs\\villa\\villa\\vendor\\laravel\\framework\\src\\Illuminate\\Routing\\Pipeline.php(53): Illuminate\\Pipeline\\Pipeline->Illuminate\\Pipeline\\{closure}(Object(Illuminate\\Http\\Request))
#44 C:\\xampp\\htdocs\\villa\\villa\\vendor\\laravel\\framework\\src\\Illuminate\\Foundation\\Http\\Middleware\\ValidatePostSize.php(27): Illuminate\\Routing\\Pipeline->Illuminate\\Routing\\{closure}(Object(Illuminate\\Http\\Request))
#45 C:\\xampp\\htdocs\\villa\\villa\\vendor\\laravel\\framework\\src\\Illuminate\\Pipeline\\Pipeline.php(149): Illuminate\\Foundation\\Http\\Middleware\\ValidatePostSize->handle(Object(Illuminate\\Http\\Request), Object(Closure))
#46 C:\\xampp\\htdocs\\villa\\villa\\vendor\\laravel\\framework\\src\\Illuminate\\Routing\\Pipeline.php(53): Illuminate\\Pipeline\\Pipeline->Illuminate\\Pipeline\\{closure}(Object(Illuminate\\Http\\Request))
#47 C:\\xampp\\htdocs\\villa\\villa\\vendor\\laravel\\framework\\src\\Illuminate\\Foundation\\Http\\Middleware\\CheckForMaintenanceMode.php(46): Illuminate\\Routing\\Pipeline->Illuminate\\Routing\\{closure}(Object(Illuminate\\Http\\Request))
#48 C:\\xampp\\htdocs\\villa\\villa\\vendor\\laravel\\framework\\src\\Illuminate\\Pipeline\\Pipeline.php(149): Illuminate\\Foundation\\Http\\Middleware\\CheckForMaintenanceMode->handle(Object(Illuminate\\Http\\Request), Object(Closure))
#49 C:\\xampp\\htdocs\\villa\\villa\\vendor\\laravel\\framework\\src\\Illuminate\\Routing\\Pipeline.php(53): Illuminate\\Pipeline\\Pipeline->Illuminate\\Pipeline\\{closure}(Object(Illuminate\\Http\\Request))
#50 C:\\xampp\\htdocs\\villa\\villa\\vendor\\laravel\\framework\\src\\Illuminate\\Pipeline\\Pipeline.php(102): Illuminate\\Routing\\Pipeline->Illuminate\\Routing\\{closure}(Object(Illuminate\\Http\\Request))
#51 C:\\xampp\\htdocs\\villa\\villa\\vendor\\laravel\\framework\\src\\Illuminate\\Foundation\\Http\\Kernel.php(151): Illuminate\\Pipeline\\Pipeline->then(Object(Closure))
#52 C:\\xampp\\htdocs\\villa\\villa\\vendor\\laravel\\framework\\src\\Illuminate\\Foundation\\Http\\Kernel.php(116): Illuminate\\Foundation\\Http\\Kernel->sendRequestThroughRouter(Object(Illuminate\\Http\\Request))
#53 C:\\xampp\\htdocs\\villa\\villa\\public\\index.php(55): Illuminate\\Foundation\\Http\\Kernel->handle(Object(Illuminate\\Http\\Request))
#54 {main}
"} 
